frame,time_s,position_mm,raw_x,raw_y
0,0.0,-16.078984485190407,518,1147
1,0.03339862169024302,-18.89280677009873,518,1154
2,0.06679724338048604,-21.706629055007053,517,1161
3,0.10019586507072906,-24.520451339915372,517,1168
4,0.13359448676097208,-27.334273624823695,517,1175
5,0.1669931084512151,-30.148095909732017,517,1182
6,0.2003917301414581,-32.96191819464034,517,1189
7,0.23379035183170113,-35.77574047954866,517,1196
8,0.26718897352194415,-38.58956276445698,517,1203
9,0.30058759521218714,-41.80535966149506,518,1211
10,0.3339862169024302,-44.217207334273624,517,1217
11,0.3673848385926732,-47.03102961918194,517,1224
12,0.4007834602829162,-49.84485190409027,517,1231
13,0.4341820819731592,-52.65867418899859,517,1238
14,0.46758070366340226,-55.07052186177715,517,1244
15,0.5009793253536453,-57.88434414668547,516,1251
16,0.5343779470438883,-60.296191819464035,517,1257
17,0.5677765687341313,-63.110014104372354,517,1264
18,0.6011751904243743,-65.11988716502115,517,1269
19,0.6345738121146174,-67.53173483779972,517,1275
20,0.6679724338048604,-69.54160789844852,517,1280
21,0.7013710554951034,-71.95345557122708,516,1286
22,0.7347696771853464,-73.56135401974612,516,1290
23,0.7681682988755895,-75.57122708039492,516,1295
24,0.8015669205658325,-77.17912552891396,516,1299
25,0.8349655422560754,-78.787023977433,517,1303
26,0.8683641639463184,-80.39492242595205,516,1307
27,0.9017627856365615,-81.60084626234132,516,1310
28,0.9351614073268045,-82.80677009873061,516,1313
29,0.9685600290170475,-84.01269393511988,516,1316
30,1.0019586507072906,-84.81664315937941,516,1318
31,1.0353572723975335,-85.62059238363892,516,1320
32,1.0687558940877766,-86.42454160789845,516,1322
33,1.1021545157780197,-86.82651622002821,516,1323
34,1.1355531374682626,-87.22849083215796,516,1324
35,1.1689517591585057,-87.63046544428772,515,1325
36,1.2023503808487486,-87.63046544428772,515,1325
37,1.2357490025389917,-88.03244005641749,515,1326
38,1.2691476242292348,-88.03244005641749,515,1326
39,1.3025462459194777,-88.03244005641749,515,1326
40,1.3359448676097208,-88.03244005641749,516,1326
41,1.3693434892999636,-88.03244005641749,516,1326
42,1.4027421109902067,-87.63046544428772,516,1325
43,1.4361407326804498,-87.22849083215796,516,1324
44,1.4695393543706927,-86.82651622002821,516,1323
45,1.5029379760609358,-86.02256699576868,516,1321
46,1.536336597751179,-85.21861777150916,516,1319
47,1.5697352194414218,-84.41466854724965,515,1317
48,1.603133841131665,-83.61071932299012,516,1315
49,1.6365324628219078,-82.80677009873061,516,1313
50,1.6699310845121509,-81.60084626234132,516,1310
51,1.703329706202394,-80.39492242595205,516,1307
52,1.7367283278926369,-79.18899858956276,516,1304
53,1.77012694958288,-77.98307475317348,516,1301
54,1.803525571273123,-76.37517630465445,516,1297
55,1.836924192963366,-74.7672778561354,516,1293
56,1.870322814653609,-73.15937940761636,516,1289
57,1.903721436343852,-71.55148095909732,516,1285
58,1.937120058034095,-69.54160789844852,516,1280
59,1.9705186797243381,-67.53173483779972,516,1275
60,2.0039173014145812,-65.52186177715092,517,1270
61,2.037315923104824,-63.51198871650212,516,1265
62,2.070714544795067,-61.10014104372355,516,1259
63,2.1041131664853103,-59.09026798307475,517,1254
64,2.137511788175553,-56.67842031029619,517,1248
65,2.170910409865796,-53.86459802538787,517,1241
66,2.2043090315560394,-51.45275035260931,517,1235
67,2.2377076532462823,-49.040902679830744,517,1229
68,2.271106274936525,-46.227080394922424,517,1222
69,2.304504896626768,-43.81523272214386,517,1216
70,2.3379035183170114,-41.00141043723554,517,1209
71,2.3713021400072543,-38.18758815232722,517,1202
72,2.404700761697497,-35.77574047954866,517,1196
73,2.4380993833877405,-32.96191819464034,517,1189
74,2.4714980050779833,-30.148095909732017,517,1182
75,2.504896626768226,-27.334273624823695,518,1175
76,2.5382952484584695,-24.520451339915372,517,1168
77,2.5716938701487124,-21.706629055007053,518,1161
78,2.6050924918389553,-18.89280677009873,517,1154
79,2.6384911135291986,-16.078984485190407,517,1147
80,2.6718897352194415,-13.265162200282086,517,1140
81,2.7052883569096844,-10.451339915373765,517,1133
82,2.7386869785999273,-7.637517630465444,517,1126
83,2.7720856002901706,-4.823695345557122,517,1119
84,2.8054842219804135,-2.0098730606488013,517,1112
85,2.8388828436706564,0.8039492242595202,517,1105
86,2.8722814653608997,3.617771509167842,517,1098
87,2.9056800870511426,6.431593794076163,518,1091
88,2.9390787087413854,9.245416078984485,518,1084
89,2.9724773304316288,12.059238363892806,518,1077
90,3.0058759521218716,14.873060648801127,518,1070
91,3.0392745738121145,17.686882933709448,518,1063
92,3.072673195502358,20.50070521861777,518,1056
93,3.1060718171926007,23.314527503526094,518,1049
94,3.1394704388828436,26.128349788434413,518,1042
95,3.172869060573087,28.540197461212976,518,1036
96,3.20626768226333,31.354019746121295,519,1029
97,3.2396663039535727,33.76586741889986,519,1023
98,3.2730649256438156,36.17771509167842,519,1017
99,3.306463547334059,38.58956276445698,519,1011
100,3.3398621690243018,40.59943582510578,519,1006
101,3.3732607907145447,43.01128349788434,519,1000
102,3.406659412404788,45.02115655853314,519,995
103,3.440058034095031,46.62905500705219,519,991
104,3.4734566557852737,48.63892806770099,519,986
105,3.506855277475517,50.246826516220025,519,982
106,3.54025389916576,51.85472496473907,519,978
107,3.573652520856003,53.46262341325811,518,974
108,3.607051142546246,54.66854724964739,519,971
109,3.640449764236489,55.87447108603667,519,968
110,3.673848385926732,57.08039492242595,519,965
111,3.707247007616975,58.28631875881523,519,962
112,3.740645629307218,59.09026798307475,519,960
113,3.774044250997461,59.49224259520451,519,959
114,3.807442872687704,60.296191819464035,519,957
115,3.840841494377947,60.69816643159379,519,956
116,3.87424011606819,61.10014104372355,519,955
117,3.907638737758433,61.50211565585331,518,954
118,3.9410373594486763,61.50211565585331,519,954
119,3.974435981138919,61.90409026798307,518,953
120,4.0078346028291625,61.90409026798307,519,953
121,4.041233224519405,61.90409026798307,519,953
122,4.074631846209648,61.90409026798307,519,953
123,4.108030467899892,61.50211565585331,519,954
124,4.141429089590134,61.10014104372355,519,955
125,4.174827711280377,60.69816643159379,519,956
126,4.208226332970621,59.89421720733427,519,958
127,4.241624954660863,59.49224259520451,519,959
128,4.275023576351106,58.68829337094499,519,961
129,4.30842219804135,57.88434414668547,519,963
130,4.341820819731592,57.08039492242595,518,965
131,4.3752194414218355,55.87447108603667,519,968
132,4.408618063112079,54.66854724964739,519,971
133,4.442016684802321,53.46262341325811,519,974
134,4.475415306492565,52.256699576868826,519,977
135,4.508813928182807,50.64880112834979,519,981
136,4.54221254987305,49.44287729196051,519,984
137,4.575611171563294,47.83497884344146,519,988
138,4.609009793253536,46.227080394922424,519,992
139,4.642408414943779,44.217207334273624,519,997
140,4.675807036634023,42.60930888575458,518,1001
141,4.709205658324265,40.59943582510578,518,1006
142,4.7426042800145085,38.58956276445698,518,1011
143,4.776002901704752,36.17771509167842,519,1017
144,4.809401523394994,34.167842031029615,519,1022
145,4.842800145085238,31.75599435825106,519,1028
146,4.876198766775481,29.344146685472495,519,1034
147,4.909597388465723,26.932299012693935,519,1040
148,4.942996010155967,24.520451339915372,518,1046
149,4.97639463184621,22.108603667136812,518,1052
150,5.009793253536452,19.29478138222849,518,1059
151,5.043191875226696,16.88293370944993,518,1065
152,5.076590496916939,14.069111424541607,518,1072
153,5.1099891186071815,11.255289139633286,518,1079
154,5.143387740297425,8.441466854724965,518,1086
155,5.176786361987668,6.029619181946403,518,1092
156,5.210184983677911,3.2157968970380812,518,1099
157,5.243583605368154,0.40197461212975993,518,1106
158,5.276982227058397,-2.4118476727785616,518,1113
159,5.31038084874864,-5.225669957686883,518,1120
160,5.343779470438883,-8.039492242595204,518,1127
161,5.377178092129126,-10.853314527503526,517,1134
162,5.410576713819369,-13.667136812411847,517,1141
163,5.443975335509612,-16.48095909732017,518,1148
164,5.4773739571998545,-19.29478138222849,518,1155
165,5.510772578890098,-22.108603667136812,518,1162
166,5.544171200580341,-24.922425952045135,518,1169
167,5.577569822270584,-27.736248236953454,517,1176
168,5.610968443960827,-30.550070521861777,518,1183
169,5.64436706565107,-33.363892806770096,518,1190
170,5.677765687341313,-36.57968970380818,518,1198
171,5.711164309031556,-39.3935119887165,518,1205
172,5.744562930721799,-42.207334273624824,518,1212
173,5.777961552412042,-45.02115655853314,517,1219
174,5.811360174102285,-47.433004231311706,517,1225
175,5.844758795792528,-50.246826516220025,517,1232
176,5.878157417482771,-53.060648801128345,517,1239
177,5.911556039173014,-55.87447108603667,517,1246
178,5.9449546608632575,-58.28631875881523,517,1252
179,5.9783532825535,-60.69816643159379,517,1258
180,6.011751904243743,-63.110014104372354,517,1264
181,6.045150525933987,-65.52186177715092,517,1270
182,6.078549147624229,-67.93370944992948,516,1276
183,6.111947769314472,-69.94358251057828,516,1281
184,6.145346391004716,-71.95345557122708,516,1286
185,6.178745012694958,-73.96332863187588,517,1291
186,6.2121436343852015,-75.97320169252468,517,1296
187,6.245542256075445,-77.58110014104372,517,1300
188,6.278940877765687,-79.18899858956276,517,1304
189,6.3123394994559305,-80.39492242595205,517,1307
190,6.345738121146174,-82.00282087447108,516,1311
191,6.379136742836416,-83.20874471086036,516,1314
192,6.41253536452666,-84.01269393511988,516,1316
193,6.445933986216902,-84.81664315937941,516,1318
194,6.479332607907145,-85.62059238363892,516,1320
195,6.512731229597389,-86.42454160789845,515,1322
196,6.546129851287631,-86.82651622002821,515,1323
197,6.5795284729778745,-87.22849083215796,515,1324
198,6.612927094668118,-87.63046544428772,516,1325
199,6.64632571635836,-88.03244005641749,516,1326
200,6.6797243380486035,-88.03244005641749,516,1326
201,6.713122959738847,-88.03244005641749,516,1326
202,6.746521581429089,-88.03244005641749,516,1326
203,6.779920203119333,-88.03244005641749,515,1326
204,6.813318824809576,-88.03244005641749,516,1326
205,6.846717446499818,-87.63046544428772,515,1325
206,6.880116068190062,-87.22849083215796,516,1324
207,6.913514689880305,-86.42454160789845,515,1322
208,6.9469133115705475,-86.02256699576868,516,1321
209,6.980311933260791,-85.21861777150916,516,1319
210,7.013710554951034,-84.41466854724965,516,1317
211,7.047109176641277,-83.61071932299012,516,1315
212,7.08050779833152,-82.80677009873061,516,1313
213,7.113906420021763,-81.60084626234132,516,1310
214,7.147305041712006,-80.39492242595205,516,1307
215,7.180703663402249,-79.18899858956276,516,1304
216,7.214102285092492,-77.58110014104372,516,1300
217,7.247500906782735,-75.97320169252468,516,1296
218,7.280899528472978,-74.7672778561354,516,1293
219,7.314298150163221,-72.7574047954866,516,1288
220,7.347696771853464,-71.14950634696756,516,1284
221,7.381095393543707,-69.13963328631876,516,1279
222,7.41449401523395,-67.12976022566995,516,1274
223,7.447892636924193,-65.11988716502115,516,1269
224,7.481291258614436,-63.110014104372354,517,1264
225,7.514689880304679,-60.69816643159379,517,1258
226,7.548088501994922,-58.68829337094499,517,1253
227,7.581487123685165,-56.27644569816643,517,1247
228,7.614885745375408,-53.86459802538787,517,1241
229,7.648284367065651,-51.050775740479544,517,1234
230,7.681682988755894,-48.63892806770099,517,1228
231,7.715081610446137,-45.82510578279266,517,1221
232,7.74848023213638,-43.413258110014105,517,1215
233,7.7818788538266235,-40.59943582510578,517,1208
234,7.815277475516866,-37.78561354019746,518,1201
235,7.848676097207109,-35.373765867418896,517,1195
236,7.882074718897353,-32.55994358251058,518,1188
237,7.915473340587595,-29.746121297602254,517,1181
238,7.948871962277838,-26.932299012693935,518,1174
239,7.982270583968082,-24.118476727785612,517,1167
240,8.015669205658325,-21.30465444287729,517,1160
241,8.049067827348567,-18.49083215796897,517,1153
242,8.08246644903881,-15.677009873060648,517,1146
243,8.115865070729054,-12.863187588152327,518,1139
244,8.149263692419296,-10.049365303244006,517,1132
245,8.182662314109539,-7.235543018335684,517,1125
246,8.216060935799783,-4.421720733427362,517,1118
247,8.249459557490026,-1.6078984485190413,518,1111
248,8.282858179180268,1.2059238363892804,518,1104
249,8.316256800870512,4.019746121297602,518,1097
250,8.349655422560755,6.833568406205924,518,1090
251,8.383054044250997,9.647390691114245,518,1083
252,8.416452665941241,12.461212976022567,518,1076
253,8.449851287631484,15.275035260930888,518,1069
254,8.483249909321726,18.08885754583921,518,1062
255,8.51664853101197,20.90267983074753,518,1055
256,8.550047152702213,23.716502115655853,518,1048
257,8.583445774392455,26.530324400564172,518,1041
258,8.6168443960827,28.942172073342736,519,1035
259,8.650243017772942,31.354019746121295,519,1029
260,8.683641639463184,34.167842031029615,519,1022
261,8.717040261153429,36.57968970380818,519,1016
262,8.750438882843671,38.99153737658674,519,1010
263,8.783837504533913,41.00141043723554,518,1005
264,8.817236126224158,43.01128349788434,519,1000
265,8.8506347479144,45.02115655853314,519,995
266,8.884033369604643,47.03102961918194,518,990
267,8.917431991294885,49.040902679830744,519,985
268,8.95083061298513,50.64880112834979,519,981
269,8.984229234675372,52.256699576868826,519,977
270,9.017627856365614,53.86459802538787,519,973
271,9.051026478055858,55.07052186177715,519,970
272,9.0844250997461,56.27644569816643,519,967
273,9.117823721436343,57.08039492242595,519,965
274,9.151222343126587,58.28631875881523,519,962
275,9.18462096481683,59.09026798307475,519,960
276,9.218019586507072,59.89421720733427,519,958
277,9.251418208197316,60.296191819464035,519,957
278,9.284816829887559,60.69816643159379,519,956
279,9.318215451577801,61.10014104372355,519,955
280,9.351614073268046,61.50211565585331,519,954
281,9.385012694958288,61.50211565585331,519,954
282,9.41841131664853,61.90409026798307,519,953
283,9.451809938338775,61.90409026798307,519,953
284,9.485208560029017,61.90409026798307,519,953
285,9.51860718171926,61.90409026798307,519,953
286,9.552005803409504,61.50211565585331,519,954
287,9.585404425099746,61.10014104372355,519,955
288,9.618803046789989,60.69816643159379,519,956
289,9.652201668480233,59.89421720733427,519,958
290,9.685600290170475,59.49224259520451,519,959
291,9.718998911860718,58.68829337094499,519,961
292,9.752397533550962,57.88434414668547,519,963
293,9.785796155241204,56.67842031029619,519,966
294,9.819194776931447,55.47249647390691,519,969
295,9.852593398621691,54.66854724964739,519,971
296,9.885992020311933,53.46262341325811,519,974
297,9.919390642002176,51.85472496473907,519,978
298,9.95278926369242,50.64880112834979,519,981
299,9.986187885382662,49.040902679830744,519,985
300,10.019586507072905,47.433004231311706,519,989
301,10.052985128763149,45.82510578279266,519,993
302,10.086383750453392,44.217207334273624,519,997
303,10.119782372143634,42.207334273624824,519,1002
304,10.153180993833878,40.19746121297602,519,1007
305,10.18657961552412,38.18758815232722,519,1012
306,10.219978237214363,36.17771509167842,519,1017
307,10.253376858904607,33.76586741889986,519,1023
308,10.28677548059485,31.354019746121295,519,1029
309,10.320174102285092,29.344146685472495,518,1034
310,10.353572723975336,26.530324400564172,518,1041
311,10.386971345665579,24.118476727785612,518,1047
312,10.420369967355821,21.706629055007053,518,1053
313,10.453768589046065,18.89280677009873,518,1060
314,10.487167210736308,16.48095909732017,518,1066
315,10.52056583242655,13.667136812411847,518,1073
316,10.553964454116795,10.853314527503526,518,1080
317,10.587363075807037,8.441466854724965,518,1086
318,10.62076169749728,5.627644569816643,518,1093
319,10.654160319187524,2.813822284908321,518,1100
320,10.687558940877766,-2.7075230714576535e-16,518,1107
321,10.720957562568008,-2.813822284908322,517,1114
322,10.754356184258253,-5.627644569816643,518,1121
323,10.787754805948495,-8.441466854724965,518,1128
324,10.821153427638738,-11.255289139633286,518,1135
325,10.85455204932898,-14.069111424541607,518,1142
326,10.887950671019224,-16.88293370944993,518,1149
327,10.921349292709467,-19.69675599435825,518,1156
328,10.954747914399709,-22.51057827926657,518,1163
329,10.988146536089953,-25.324400564174894,517,1170
330,11.021545157780196,-28.138222849083213,518,1177
331,11.054943779470438,-30.952045133991536,518,1184
332,11.088342401160682,-34.167842031029615,518,1192
333,11.121741022850925,-36.98166431593794,517,1199
334,11.155139644541167,-39.79548660084626,517,1206
335,11.188538266231411,-42.60930888575458,517,1213
336,11.221936887921654,-45.423131170662906,517,1220
337,11.255335509611896,-48.236953455571225,517,1227
338,11.28873413130214,-50.64880112834979,517,1233
339,11.322132752992383,-53.46262341325811,517,1240
340,11.355531374682625,-56.27644569816643,517,1247
341,11.38892999637287,-58.68829337094499,517,1253
342,11.422328618063112,-61.10014104372355,517,1259
343,11.455727239753354,-63.51198871650212,517,1265
344,11.489125861443599,-65.92383638928068,517,1271
345,11.522524483133841,-68.33568406205923,516,1277
346,11.555923104824084,-70.34555712270804,516,1282
347,11.589321726514328,-72.35543018335684,516,1287
348,11.62272034820457,-74.36530324400564,516,1292
349,11.656118969894813,-75.97320169252468,516,1296
350,11.689517591585057,-77.58110014104372,516,1300
351,11.7229162132753,-79.18899858956276,516,1304
352,11.756314834965542,-80.79689703808181,516,1308
353,11.789713456655786,-82.00282087447108,516,1311
354,11.823112078346028,-83.20874471086036,516,1314
355,11.85651070003627,-84.01269393511988,515,1316
356,11.889909321726515,-85.21861777150916,516,1319
357,11.923307943416757,-86.02256699576868,515,1321
358,11.956706565107,-86.42454160789845,515,1322
359,11.990105186797244,-86.82651622002821,515,1323
360,12.023503808487487,-87.22849083215796,515,1324
361,12.056902430177729,-87.63046544428772,516,1325
362,12.090301051867973,-88.03244005641749,515,1326
363,12.123699673558216,-88.03244005641749,515,1326
364,12.157098295248458,-88.03244005641749,515,1326
365,12.190496916938702,-88.03244005641749,515,1326
366,12.223895538628945,-88.03244005641749,515,1326
367,12.257294160319187,-88.03244005641749,515,1326
368,12.290692782009431,-87.63046544428772,516,1325
369,12.324091403699674,-87.22849083215796,516,1324
370,12.357490025389916,-86.42454160789845,515,1322
371,12.39088864708016,-86.02256699576868,515,1321
372,12.424287268770403,-85.21861777150916,515,1319
373,12.457685890460645,-84.41466854724965,515,1317
374,12.49108451215089,-83.20874471086036,516,1314
375,12.524483133841132,-82.40479548660085,516,1312
376,12.557881755531374,-81.19887165021156,516,1309
377,12.591280377221619,-79.99294781382228,516,1306
378,12.624678998911861,-78.787023977433,516,1303
379,12.658077620602104,-77.17912552891396,516,1299
380,12.691476242292348,-75.97320169252468,516,1296
381,12.72487486398259,-74.36530324400564,516,1292
382,12.758273485672833,-72.7574047954866,516,1288
383,12.791672107363075,-70.74753173483779,516,1283
384,12.82507072905332,-68.73765867418899,516,1278
385,12.858469350743562,-66.72778561354019,516,1273
386,12.891867972433804,-64.71791255289139,516,1268
387,12.925266594124048,-62.70803949224259,516,1263
388,12.95866521581429,-60.69816643159379,516,1258
389,12.992063837504533,-58.28631875881523,516,1252
390,13.025462459194777,-55.87447108603667,516,1246
391,13.05886108088502,-53.46262341325811,517,1240
392,13.092259702575262,-50.64880112834979,517,1233
393,13.125658324265506,-48.236953455571225,517,1227
394,13.159056945955749,-45.423131170662906,517,1220
395,13.192455567645991,-42.60930888575458,517,1213
396,13.225854189336236,-40.19746121297602,517,1207
397,13.259252811026478,-37.3836389280677,517,1200
398,13.29265143271672,-34.56981664315938,517,1193
399,13.326050054406965,-32.157968970380814,517,1187
400,13.359448676097207,-29.344146685472495,517,1180
401,13.39284729778745,-26.530324400564172,518,1173
402,13.426245919477694,-23.716502115655853,517,1166
403,13.459644541167936,-20.90267983074753,518,1159
404,13.493043162858179,-18.08885754583921,517,1152
405,13.526441784548423,-15.275035260930888,518,1145
406,13.559840406238665,-12.461212976022567,517,1138
407,13.593239027928908,-9.647390691114245,517,1131
408,13.626637649619152,-6.833568406205924,517,1124
409,13.660036271309394,-4.019746121297602,518,1117
410,13.693434892999637,-1.205923836389281,518,1110
411,13.726833514689881,1.6078984485190404,518,1103
412,13.760232136380123,4.421720733427362,518,1096
413,13.793630758070366,7.235543018335684,518,1089
414,13.82702937976061,10.049365303244006,518,1082
415,13.860428001450853,12.863187588152327,518,1075
416,13.893826623141095,15.677009873060648,518,1068
417,13.92722524483134,18.49083215796897,518,1061
418,13.960623866521582,21.30465444287729,518,1054
419,13.994022488211824,24.118476727785612,519,1047
420,14.027421109902068,26.932299012693935,518,1040
421,14.06081973159231,29.344146685472495,518,1034
422,14.094218353282553,31.75599435825106,519,1028
423,14.127616974972797,34.56981664315938,519,1021
424,14.16101559666304,36.98166431593794,519,1015
425,14.194414218353282,38.99153737658674,519,1010
426,14.227812840043526,41.403385049365305,519,1004
427,14.261211461733769,43.413258110014105,519,999
428,14.294610083424011,45.423131170662906,519,994
429,14.328008705114256,47.433004231311706,519,989
430,14.361407326804498,49.040902679830744,519,985
431,14.39480594849474,51.050775740479544,519,980
432,14.428204570184985,52.65867418899859,519,976
433,14.461603191875227,53.86459802538787,519,973
434,14.49500181356547,55.07052186177715,519,970
435,14.528400435255714,56.27644569816643,519,967
436,14.561799056945956,57.48236953455571,519,964
437,14.595197678636199,58.28631875881523,519,962
438,14.628596300326443,59.09026798307475,519,960
439,14.661994922016685,59.89421720733427,519,958
440,14.695393543706928,60.296191819464035,519,957
441,14.728792165397172,61.10014104372355,519,955
442,14.762190787087414,61.10014104372355,519,955
443,14.795589408777657,61.50211565585331,519,954
444,14.8289880304679,61.50211565585331,519,954
445,14.862386652158143,61.90409026798307,519,953
446,14.895785273848386,61.90409026798307,519,953
447,14.929183895538628,61.90409026798307,519,953
448,14.962582517228872,61.50211565585331,519,954
449,14.995981138919115,61.50211565585331,519,954
450,15.029379760609357,61.10014104372355,519,955
451,15.062778382299602,60.296191819464035,519,957
452,15.096177003989844,59.89421720733427,519,958
453,15.129575625680086,59.09026798307475,519,960
454,15.16297424737033,58.28631875881523,519,962
455,15.196372869060573,57.48236953455571,519,964
456,15.229771490750815,56.67842031029619,519,966
457,15.26317011244106,55.47249647390691,519,969
458,15.296568734131302,54.266572637517626,519,972
459,15.329967355821545,53.060648801128345,519,975
460,15.363365977511789,51.85472496473907,519,978
461,15.396764599202031,50.246826516220025,519,982
462,15.430163220892274,49.040902679830744,519,985
463,15.463561842582518,47.433004231311706,519,989
464,15.49696046427276,45.423131170662906,519,994
465,15.530359085963003,43.81523272214386,519,998
466,15.563757707653247,41.80535966149506,519,1003
467,15.59715632934349,39.79548660084626,518,1008
468,15.630554951033732,37.78561354019746,519,1013
469,15.663953572723976,35.77574047954866,519,1018
470,15.697352194414218,33.363892806770096,519,1024
471,15.730750816104461,31.354019746121295,518,1029
472,15.764149437794705,28.942172073342736,518,1035
473,15.797548059484948,26.128349788434413,519,1042
474,15.83094668117519,23.716502115655853,518,1048
475,15.864345302865434,21.30465444287729,518,1054
476,15.897743924555677,18.49083215796897,518,1061
477,15.931142546245919,16.078984485190407,518,1067
478,15.964541167936163,13.265162200282086,518,1074
479,15.997939789626406,10.451339915373765,518,1081
480,16.03133841131665,8.039492242595204,518,1087
481,16.064737033006892,5.225669957686883,518,1094
482,16.098135654697135,2.4118476727785607,518,1101
483,16.131534276387377,-0.4019746121297605,518,1108
484,16.16493289807762,-3.2157968970380817,518,1115
485,16.198331519767862,-6.029619181946403,518,1122
486,16.231730141458108,-8.843441466854724,518,1129
487,16.26512876314835,-11.657263751763047,517,1136
488,16.298527384838593,-14.471086036671368,518,1143
489,16.331926006528835,-17.28490832157969,518,1150
490,16.365324628219078,-20.09873060648801,518,1157
491,16.39872324990932,-22.91255289139633,518,1164
492,16.432121871599566,-25.726375176304654,518,1171
493,16.46552049328981,-28.540197461212976,518,1178
494,16.49891911498005,-31.354019746121295,518,1185
495,16.532317736670294,-34.167842031029615,517,1192
496,16.565716358360536,-37.3836389280677,518,1200
497,16.59911498005078,-40.19746121297602,518,1207
498,16.632513601741024,-43.01128349788434,518,1214
499,16.665912223431267,-45.82510578279266,517,1221
500,16.69931084512151,-48.63892806770099,517,1228
501,16.73270946681175,-51.050775740479544,517,1234
502,16.766108088501994,-53.86459802538787,517,1241
503,16.799506710192237,-56.27644569816643,516,1247
504,16.832905331882483,-59.09026798307475,517,1254
505,16.866303953572725,-61.50211565585331,517,1260
506,16.899702575262967,-63.91396332863187,517,1266
507,16.93310119695321,-66.32581100141043,516,1272
508,16.966499818643452,-68.33568406205923,516,1277
509,16.999898440333695,-70.74753173483779,517,1283
510,17.03329706202394,-72.7574047954866,517,1288
511,17.066695683714183,-74.36530324400564,517,1292
512,17.100094305404426,-76.37517630465445,516,1297
513,17.133492927094668,-77.98307475317348,516,1301
514,17.16689154878491,-79.59097320169252,516,1305
515,17.200290170475153,-80.79689703808181,516,1308
516,17.2336887921654,-82.00282087447108,516,1311
517,17.26708741385564,-83.20874471086036,516,1314
518,17.300486035545884,-84.41466854724965,516,1317
519,17.333884657236126,-85.21861777150916,516,1319
520,17.36728327892637,-86.02256699576868,516,1321
521,17.40068190061661,-86.42454160789845,515,1322
522,17.434080522306857,-86.82651622002821,516,1323
523,17.4674791439971,-87.63046544428772,516,1325
524,17.500877765687342,-87.63046544428772,515,1325
525,17.534276387377584,-88.03244005641749,516,1326
526,17.567675009067827,-88.03244005641749,516,1326
527,17.60107363075807,-88.03244005641749,516,1326
528,17.634472252448315,-88.03244005641749,515,1326
529,17.667870874138558,-88.03244005641749,516,1326
530,17.7012694958288,-88.03244005641749,516,1326
531,17.734668117519043,-87.63046544428772,515,1325
532,17.768066739209285,-86.82651622002821,516,1323
533,17.801465360899527,-86.42454160789845,515,1322
534,17.83486398258977,-85.62059238363892,515,1320
535,17.868262604280016,-85.21861777150916,516,1319
536,17.90166122597026,-84.41466854724965,516,1317
537,17.9350598476605,-83.20874471086036,516,1314
538,17.968458469350743,-82.40479548660085,516,1312
539,18.001857091040986,-81.19887165021156,516,1309
540,18.035255712731228,-79.99294781382228,516,1306
541,18.068654334421474,-78.38504936530325,516,1302
542,18.102052956111716,-77.17912552891396,516,1299
543,18.13545157780196,-75.57122708039492,516,1295
544,18.1688501994922,-73.96332863187588,516,1291
545,18.202248821182444,-72.35543018335684,516,1287
546,18.235647442872686,-70.74753173483779,516,1283
547,18.269046064562932,-68.73765867418899,516,1278
548,18.302444686253175,-66.72778561354019,516,1273
549,18.335843307943417,-64.71791255289139,516,1268
550,18.36924192963366,-62.70803949224259,516,1263
551,18.402640551323902,-60.296191819464035,517,1257
552,18.436039173014144,-57.88434414668547,516,1251
553,18.46943779470439,-55.47249647390691,516,1245
554,18.502836416394633,-53.060648801128345,516,1239
555,18.536235038084875,-50.246826516220025,517,1232
556,18.569633659775118,-47.83497884344146,517,1226
557,18.60303228146536,-45.02115655853314,517,1219
558,18.636430903155603,-42.60930888575458,518,1213
559,18.66982952484585,-39.79548660084626,517,1206
560,18.70322814653609,-37.3836389280677,517,1200
561,18.736626768226333,-34.56981664315938,517,1193
562,18.770025389916576,-31.75599435825106,517,1186
563,18.80342401160682,-28.942172073342736,517,1179
564,18.83682263329706,-26.128349788434413,517,1172
565,18.870221254987307,-23.314527503526094,517,1165
566,18.90361987667755,-20.50070521861777,518,1158
567,18.93701849836779,-17.686882933709448,518,1151
568,18.970417120058034,-14.873060648801127,518,1144
569,19.003815741748276,-12.059238363892806,517,1137
570,19.03721436343852,-9.245416078984485,517,1130
571,19.070612985128765,-6.431593794076163,517,1123
572,19.104011606819007,-3.617771509167842,517,1116
573,19.13741022850925,-0.8039492242595208,518,1109
574,19.170808850199492,2.009873060648801,518,1102
575,19.204207471889735,4.823695345557122,518,1095
576,19.237606093579977,7.637517630465444,518,1088
577,19.271004715270223,10.451339915373765,518,1081
578,19.304403336960466,13.265162200282086,518,1074
579,19.337801958650708,16.078984485190407,518,1067
580,19.37120058034095,18.89280677009873,518,1060
581,19.404599202031193,21.706629055007053,518,1053
582,19.437997823721435,24.520451339915372,518,1046
583,19.47139644541168,27.334273624823695,518,1039
584,19.504795067101924,29.746121297602254,518,1033
585,19.538193688792166,32.157968970380814,519,1027
586,19.57159231048241,34.97179125528914,519,1020
587,19.60499093217265,36.98166431593794,519,1015
588,19.638389553862893,39.3935119887165,519,1009
589,19.671788175553136,41.80535966149506,519,1003
590,19.705186797243382,43.81523272214386,519,998
591,19.738585418933624,45.82510578279266,519,993
592,19.771984040623867,47.433004231311706,519,989
593,19.80538266231411,49.44287729196051,519,984
594,19.83878128400435,51.050775740479544,519,980
595,19.872179905694594,52.65867418899859,519,976
596,19.90557852738484,54.266572637517626,519,972
597,19.938977149075082,55.47249647390691,519,969
598,19.972375770765325,56.67842031029619,519,966
599,20.005774392455567,57.48236953455571,519,964
600,20.03917301414581,58.68829337094499,519,961
601,20.072571635836052,59.49224259520451,519,959
602,20.105970257526298,59.89421720733427,519,958
603,20.13936887921654,60.69816643159379,519,956
604,20.172767500906783,61.10014104372355,519,955
605,20.206166122597025,61.10014104372355,519,955
606,20.239564744287268,61.50211565585331,519,954
607,20.27296336597751,61.90409026798307,519,953
608,20.306361987667756,61.90409026798307,519,953
609,20.339760609358,61.90409026798307,519,953
610,20.37315923104824,61.90409026798307,519,953
611,20.406557852738484,61.90409026798307,519,953
612,20.439956474428726,61.50211565585331,519,954
613,20.47335509611897,61.10014104372355,519,955
614,20.506753717809215,60.296191819464035,519,957
615,20.540152339499457,59.49224259520451,519,959
616,20.5735509611897,59.09026798307475,519,960
617,20.606949582879942,58.28631875881523,519,962
618,20.640348204570184,57.48236953455571,519,964
619,20.673746826260427,56.27644569816643,519,967
620,20.707145447950673,55.47249647390691,519,969
621,20.740544069640915,54.266572637517626,519,972
622,20.773942691331158,53.060648801128345,519,975
623,20.8073413130214,51.85472496473907,519,978
624,20.840739934711642,50.246826516220025,519,982
625,20.874138556401885,48.63892806770099,519,986
626,20.90753717809213,47.03102961918194,519,990
627,20.940935799782373,45.423131170662906,519,994
628,20.974334421472616,43.413258110014105,519,999
629,21.007733043162858,41.80535966149506,519,1003
630,21.0411316648531,39.79548660084626,519,1008
631,21.074530286543343,37.3836389280677,519,1014
632,21.10792890823359,35.373765867418896,519,1019
633,21.14132752992383,32.96191819464034,518,1025
634,21.174726151614074,30.952045133991536,519,1030
635,21.208124773304316,28.540197461212976,518,1036
636,21.24152339499456,25.726375176304654,518,1043
637,21.2749220166848,23.314527503526094,518,1049
638,21.308320638375047,20.90267983074753,518,1055
639,21.34171926006529,18.08885754583921,518,1062
640,21.375117881755532,15.677009873060648,518,1068
641,21.408516503445775,12.863187588152327,518,1075
642,21.441915125136017,10.049365303244006,518,1082
643,21.47531374682626,7.235543018335684,518,1089
644,21.508712368516505,4.823695345557122,518,1095
645,21.542110990206748,2.009873060648801,518,1102
646,21.57550961189699,-0.8039492242595208,518,1109
647,21.608908233587233,-3.617771509167842,518,1116
648,21.642306855277475,-6.431593794076163,518,1123
649,21.675705476967718,-9.245416078984485,518,1130
650,21.70910409865796,-12.059238363892806,518,1137
651,21.742502720348206,-14.873060648801127,518,1144
652,21.77590134203845,-17.686882933709448,518,1151
653,21.80929996372869,-20.50070521861777,518,1158
654,21.842698585418933,-23.314527503526094,518,1165
655,21.876097207109176,-26.128349788434413,518,1172
656,21.909495828799418,-28.942172073342736,517,1179
657,21.942894450489664,-31.75599435825106,518,1186
658,21.976293072179907,-34.97179125528914,518,1194
659,22.00969169387015,-37.78561354019746,517,1201
660,22.04309031556039,-40.59943582510578,518,1208
661,22.076488937250634,-43.413258110014105,518,1215
662,22.109887558940876,-46.227080394922424,517,1222
663,22.143286180631122,-48.63892806770099,517,1228
664,22.176684802321365,-51.45275035260931,517,1235
665,22.210083424011607,-54.266572637517626,516,1242
666,22.24348204570185,-56.67842031029619,517,1248
667,22.276880667392092,-59.49224259520451,516,1255
668,22.310279289082334,-61.90409026798307,517,1261
669,22.34367791077258,-64.31593794076163,517,1267
670,22.377076532462823,-66.72778561354019,517,1273
671,22.410475154153065,-68.73765867418899,517,1278
672,22.443873775843308,-71.14950634696756,516,1284
673,22.47727239753355,-72.7574047954866,516,1288
674,22.510671019223793,-74.7672778561354,516,1293
675,22.54406964091404,-76.37517630465445,516,1297
676,22.57746826260428,-78.38504936530325,516,1302
677,22.610866884294524,-79.59097320169252,516,1305
678,22.644265505984766,-81.19887165021156,516,1309
679,22.67766412767501,-82.40479548660085,516,1312
680,22.71106274936525,-83.61071932299012,516,1315
681,22.744461371055497,-84.41466854724965,515,1317
682,22.77785999274574,-85.21861777150916,516,1319
683,22.81125861443598,-86.02256699576868,516,1321
684,22.844657236126224,-86.42454160789845,516,1322
685,22.878055857816467,-86.82651622002821,516,1323
686,22.91145447950671,-87.63046544428772,516,1325
687,22.944853101196955,-87.63046544428772,515,1325
688,22.978251722887197,-88.03244005641749,515,1326
689,23.01165034457744,-88.03244005641749,515,1326
690,23.045048966267682,-88.03244005641749,515,1326
691,23.078447587957925,-88.03244005641749,515,1326
692,23.111846209648167,-88.03244005641749,515,1326
693,23.145244831338413,-88.03244005641749,515,1326
694,23.178643453028656,-87.63046544428772,515,1325
695,23.212042074718898,-86.82651622002821,516,1323
696,23.24544069640914,-86.42454160789845,516,1322
697,23.278839318099383,-85.62059238363892,516,1320
698,23.312237939789625,-84.81664315937941,516,1318
699,23.34563656147987,-84.01269393511988,516,1316
700,23.379035183170114,-83.20874471086036,516,1314
701,23.412433804860356,-82.00282087447108,516,1311
702,23.4458324265506,-80.79689703808181,516,1308
703,23.47923104824084,-79.59097320169252,516,1305
704,23.512629669931083,-78.38504936530325,516,1302
705,23.54602829162133,-76.7771509167842,516,1298
706,23.579426913311572,-75.57122708039492,516,1295
707,23.612825535001814,-73.96332863187588,516,1291
708,23.646224156692057,-71.95345557122708,516,1286
709,23.6796227783823,-70.34555712270804,516,1282
710,23.71302140007254,-68.33568406205923,516,1277
711,23.746420021762784,-66.32581100141043,516,1272
712,23.77981864345303,-64.31593794076163,516,1267
713,23.813217265143273,-61.90409026798307,516,1261
714,23.846615886833515,-59.89421720733427,517,1256
715,23.880014508523757,-57.48236953455571,516,1250
716,23.913413130214,-55.07052186177715,516,1244
717,23.946811751904242,-52.65867418899859,516,1238
718,23.98021037359449,-49.84485190409027,517,1231
719,24.01360899528473,-47.433004231311706,517,1225
720,24.047007616974973,-44.61918194640339,517,1218
721,24.080406238665216,-42.207334273624824,517,1212
722,24.113804860355458,-39.3935119887165,517,1205
723,24.1472034820457,-36.57968970380818,517,1198
724,24.180602103735946,-33.76586741889986,517,1191
725,24.21400072542619,-30.952045133991536,517,1184
726,24.24739934711643,-28.540197461212976,518,1178
727,24.280797968806674,-25.726375176304654,518,1171
728,24.314196590496916,-22.91255289139633,518,1164
729,24.34759521218716,-20.09873060648801,517,1157
730,24.380993833877405,-16.88293370944993,517,1149
731,24.414392455567647,-14.471086036671368,517,1143
732,24.44779107725789,-11.657263751763047,517,1136
733,24.481189698948132,-8.843441466854724,517,1129
734,24.514588320638374,-6.029619181946403,517,1122
735,24.547986942328617,-3.2157968970380817,518,1115
736,24.581385564018863,-2.953661532499258e-16,517,1107
737,24.614784185709105,2.4118476727785607,518,1101
738,24.648182807399348,5.225669957686883,518,1094
739,24.68158142908959,8.441466854724965,518,1086
740,24.714980050779833,10.853314527503526,518,1080
741,24.748378672470075,13.667136812411847,518,1073
742,24.78177729416032,16.88293370944993,518,1065
743,24.815175915850563,19.69675599435825,518,1058
744,24.848574537540806,22.108603667136812,518,1052
745,24.88197315923105,24.922425952045135,518,1045
746,24.91537178092129,27.736248236953454,518,1038
747,24.948770402611533,30.148095909732017,519,1032
748,24.98216902430178,32.55994358251058,519,1026
749,25.01556764599202,35.373765867418896,519,1019
750,25.048966267682264,37.3836389280677,519,1014
751,25.082364889372506,39.79548660084626,519,1008
752,25.11576351106275,42.207334273624824,519,1002
753,25.14916213275299,44.217207334273624,519,997
754,25.182560754443237,45.82510578279266,519,993
755,25.21595937613348,47.83497884344146,519,988
756,25.249357997823722,49.84485190409027,519,983
757,25.282756619513965,51.45275035260931,519,979
758,25.316155241204207,53.060648801128345,519,975
759,25.34955386289445,54.266572637517626,519,972
760,25.382952484584695,55.47249647390691,519,969
761,25.416351106274938,56.67842031029619,519,966
762,25.44974972796518,57.88434414668547,519,963
763,25.483148349655423,58.68829337094499,519,961
764,25.516546971345665,59.49224259520451,519,959
765,25.549945593035908,60.296191819464035,519,957
766,25.58334421472615,60.69816643159379,519,956
767,25.616742836416396,61.10014104372355,519,955
768,25.65014145810664,61.10014104372355,519,955
769,25.68354007979688,61.50211565585331,519,954
770,25.716938701487123,61.90409026798307,519,953
771,25.750337323177366,61.90409026798307,519,953
772,25.78373594486761,61.90409026798307,519,953
773,25.817134566557854,61.90409026798307,519,953
774,25.850533188248097,61.50211565585331,519,954
775,25.88393180993834,61.10014104372355,519,955
776,25.91733043162858,61.10014104372355,519,955
777,25.950729053318824,60.296191819464035,519,957
778,25.984127675009066,59.49224259520451,519,959
779,26.017526296699312,59.09026798307475,519,960
780,26.050924918389555,58.28631875881523,519,962
781,26.084323540079797,57.08039492242595,519,965
782,26.11772216177004,56.27644569816643,519,967
783,26.151120783460282,55.07052186177715,519,970
784,26.184519405150525,54.266572637517626,519,972
785,26.21791802684077,52.65867418899859,519,976
786,26.251316648531013,51.45275035260931,519,979
787,26.284715270221255,49.84485190409027,519,983
788,26.318113891911498,48.63892806770099,519,986
789,26.35151251360174,46.62905500705219,519,991
790,26.384911135291983,45.02115655853314,519,995
791,26.41830975698223,43.413258110014105,519,999
792,26.45170837867247,41.403385049365305,519,1004
793,26.485107000362714,39.3935119887165,519,1009
794,26.518505622052956,37.3836389280677,519,1014
795,26.5519042437432,34.97179125528914,519,1020
796,26.58530286543344,32.96191819464034,518,1025
797,26.618701487123687,30.550070521861777,519,1031
798,26.65210010881393,28.138222849083213,519,1037
799,26.68549873050417,25.726375176304654,519,1043
800,26.718897352194414,22.91255289139633,518,1050
801,26.752295973884657,20.50070521861777,518,1056
802,26.7856945955749,17.686882933709448,518,1063
803,26.819093217265145,15.275035260930888,518,1069
804,26.852491838955387,12.461212976022567,518,1076
805,26.88589046064563,9.647390691114245,518,1083
806,26.919289082335872,6.833568406205924,518,1090
807,26.952687704026115,4.421720733427362,518,1096
808,26.986086325716357,1.6078984485190404,517,1103
809,27.019484947406603,-1.205923836389281,518,1110
810,27.052883569096846,-4.019746121297602,518,1117
811,27.086282190787088,-6.833568406205924,517,1124
812,27.11968081247733,-9.647390691114245,518,1131
813,27.153079434167573,-12.461212976022567,518,1138
814,27.186478055857815,-15.275035260930888,517,1145
815,27.21987667754806,-18.08885754583921,518,1152
816,27.253275299238304,-20.90267983074753,517,1159
817,27.286673920928546,-23.716502115655853,518,1166
818,27.32007254261879,-26.530324400564172,517,1173
819,27.35347116430903,-29.344146685472495,517,1180
820,27.386869785999274,-32.55994358251058,518,1188
821,27.42026840768952,-35.373765867418896,517,1195
822,27.453667029379762,-38.18758815232722,518,1202
823,27.487065651070004,-41.00141043723554,518,1209
824,27.520464272760247,-43.81523272214386,518,1216
825,27.55386289445049,-46.62905500705219,517,1223
826,27.58726151614073,-49.44287729196051,517,1230
827,27.620660137830974,-51.85472496473907,517,1236
828,27.65405875952122,-54.66854724964739,517,1243
829,27.687457381211463,-57.08039492242595,517,1249
830,27.720856002901705,-59.89421720733427,517,1256
831,27.754254624591947,-62.306064880112835,517,1262
832,27.78765324628219,-64.71791255289139,516,1268
833,27.821051867972432,-67.12976022566995,517,1274
834,27.85445048966268,-69.13963328631876,517,1279
835,27.88784911135292,-71.14950634696756,517,1284
836,27.921247733043163,-73.15937940761636,516,1289
837,27.954646354733406,-75.16925246826516,517,1294
838,27.988044976423648,-76.7771509167842,516,1298
839,28.02144359811389,-78.38504936530325,516,1302
840,28.054842219804137,-79.99294781382228,516,1306
841,28.08824084149438,-81.19887165021156,516,1309
842,28.12163946318462,-82.40479548660085,515,1312
843,28.155038084874864,-83.61071932299012,515,1315
844,28.188436706565106,-84.41466854724965,515,1317
845,28.22183532825535,-85.62059238363892,516,1320
846,28.255233949945595,-86.02256699576868,516,1321
847,28.288632571635837,-86.82651622002821,516,1323
848,28.32203119332608,-87.22849083215796,516,1324
849,28.355429815016322,-87.63046544428772,516,1325
850,28.388828436706564,-87.63046544428772,515,1325
851,28.422227058396807,-88.03244005641749,516,1326
852,28.455625680087053,-88.03244005641749,516,1326
853,28.489024301777295,-88.03244005641749,516,1326
854,28.522422923467538,-88.03244005641749,516,1326
855,28.55582154515778,-88.03244005641749,516,1326
856,28.589220166848023,-88.03244005641749,516,1326
857,28.622618788538265,-87.22849083215796,516,1324
858,28.65601741022851,-86.82651622002821,516,1323
859,28.689416031918753,-86.42454160789845,516,1322
860,28.722814653608996,-85.62059238363892,516,1320
861,28.75621327529924,-84.81664315937941,516,1318
862,28.78961189698948,-84.01269393511988,516,1316
863,28.823010518679723,-82.80677009873061,516,1313
864,28.85640914036997,-82.00282087447108,516,1311
865,28.88980776206021,-80.79689703808181,516,1308
866,28.923206383750454,-79.59097320169252,516,1305
867,28.956605005440696,-77.98307475317348,516,1301
868,28.99000362713094,-76.7771509167842,516,1298
869,29.02340224882118,-75.16925246826516,516,1294
870,29.056800870511427,-73.56135401974612,516,1290
871,29.09019949220167,-71.95345557122708,516,1286
872,29.123598113891912,-69.94358251057828,516,1281
873,29.156996735582155,-67.93370944992948,516,1276
874,29.190395357272397,-66.32581100141043,516,1272
875,29.22379397896264,-63.91396332863187,516,1266
876,29.257192600652886,-61.90409026798307,516,1261
877,29.290591222343128,-59.49224259520451,517,1255
878,29.32398984403337,-57.08039492242595,517,1249
879,29.357388465723613,-54.66854724964739,517,1243
880,29.390787087413855,-52.256699576868826,517,1237
881,29.424185709104098,-49.44287729196051,517,1230
882,29.457584330794344,-47.03102961918194,517,1224
883,29.490982952484586,-44.217207334273624,517,1217
884,29.52438157417483,-41.80535966149506,517,1211
885,29.55778019586507,-38.99153737658674,517,1204
886,29.591178817555313,-36.17771509167842,517,1197
887,29.624577439245556,-33.363892806770096,517,1190
888,29.6579760609358,-30.952045133991536,517,1184
889,29.691374682626044,-28.138222849083213,517,1177
890,29.724773304316287,-24.922425952045135,517,1169
891,29.75817192600653,-22.51057827926657,517,1163
892,29.79157054769677,-19.69675599435825,517,1156
893,29.824969169387014,-16.48095909732017,517,1148
894,29.858367791077256,-14.069111424541607,518,1142
895,29.891766412767502,-11.255289139633286,517,1135
896,29.925165034457745,-8.441466854724965,517,1128
897,29.958563656147987,-5.627644569816643,517,1121
898,29.99196227783823,-2.4118476727785616,517,1113
899,30.025360899528472,0.4019746121297599,517,1106
900,30.058759521218715,3.2157968970380812,517,1099
901,30.09215814290896,5.627644569816643,518,1093
902,30.125556764599203,8.843441466854724,518,1085
903,30.158955386289445,11.657263751763047,518,1078
904,30.192354007979688,14.471086036671368,518,1071
905,30.22575262966993,17.28490832157969,518,1064
906,30.259151251360173,20.09873060648801,518,1057
907,30.29254987305042,22.51057827926657,518,1051
908,30.32594849474066,25.324400564174894,519,1044
909,30.359347116430904,28.138222849083213,518,1037
910,30.392745738121146,30.550070521861777,519,1031
911,30.42614435981139,32.96191819464034,519,1025
912,30.45954298150163,35.373765867418896,519,1019
913,30.492941603191877,37.78561354019746,519,1013
914,30.52634022488212,40.19746121297602,519,1007
915,30.559738846572362,42.207334273624824,519,1002
916,30.593137468262604,44.217207334273624,519,997
917,30.626536089952847,46.227080394922424,519,992
918,30.65993471164309,48.236953455571225,519,987
919,30.693333333333335,49.84485190409027,519,983
920,30.726731955023578,51.45275035260931,519,979
921,30.76013057671382,53.060648801128345,519,975
922,30.793529198404062,54.66854724964739,519,971
923,30.826927820094305,55.87447108603667,519,968
924,30.860326441784547,57.08039492242595,519,965
925,30.893725063474793,57.88434414668547,519,963
926,30.927123685165036,58.68829337094499,519,961
927,30.960522306855278,59.49224259520451,519,959
928,30.99392092854552,60.296191819464035,519,957
929,31.027319550235763,60.69816643159379,519,956
930,31.060718171926005,61.10014104372355,519,955
931,31.09411679361625,61.50211565585331,519,954
932,31.127515415306494,61.50211565585331,519,954
933,31.160914036996736,61.50211565585331,519,954
934,31.19431265868698,61.90409026798307,519,953
935,31.22771128037722,61.90409026798307,519,953
936,31.261109902067464,61.90409026798307,519,953
937,31.29450852375771,61.50211565585331,519,954
938,31.327907145447952,61.10014104372355,519,955
939,31.361305767138195,60.69816643159379,519,956
940,31.394704388828437,60.296191819464035,519,957
941,31.42810301051868,59.49224259520451,519,959
942,31.461501632208922,58.68829337094499,519,961
943,31.494900253899164,57.88434414668547,519,963
944,31.52829887558941,57.08039492242595,519,965
945,31.561697497279653,56.27644569816643,519,967
946,31.595096118969895,55.07052186177715,519,970
947,31.628494740660138,53.86459802538787,519,973
948,31.66189336235038,52.65867418899859,519,976
949,31.695291984040622,51.050775740479544,519,980
950,31.72869060573087,49.84485190409027,519,983
951,31.76208922742111,48.236953455571225,519,987
952,31.795487849111353,46.62905500705219,519,991
953,31.828886470801596,45.02115655853314,519,995
954,31.862285092491838,43.01128349788434,519,1000
955,31.89568371418208,41.00141043723554,519,1005
956,31.929082335872327,38.99153737658674,519,1010
957,31.96248095756257,36.98166431593794,519,1015
958,31.99587957925281,34.97179125528914,519,1020
959,32.029278200943054,32.55994358251058,519,1026
960,32.0626768226333,30.148095909732017,519,1032
961,32.09607544432354,27.736248236953454,518,1038
962,32.129474066013785,25.324400564174894,518,1044
963,32.162872687704024,22.91255289139633,518,1050
964,32.19627130939427,20.09873060648801,518,1057
965,32.229669931084516,17.28490832157969,518,1064
966,32.263068552774754,14.873060648801127,518,1070
967,32.296467174465,12.059238363892806,518,1077
968,32.32986579615524,9.245416078984485,518,1084
969,32.363264417845485,6.431593794076163,518,1091
970,32.396663039535724,4.019746121297602,518,1097
971,32.43006166122597,1.2059238363892804,518,1104
972,32.463460282916216,-1.6078984485190413,518,1111
973,32.496858904606455,-4.421720733427362,518,1118
974,32.5302575262967,-7.235543018335684,518,1125
975,32.56365614798694,-10.049365303244006,518,1132
976,32.597054769677186,-12.863187588152327,518,1139
977,32.63045339136743,-15.677009873060648,518,1146
978,32.66385201305767,-18.49083215796897,518,1153
979,32.69725063474792,-21.30465444287729,518,1160
980,32.730649256438156,-24.118476727785612,518,1167
981,32.7640478781284,-26.932299012693935,517,1174
982,32.79744649981864,-29.746121297602254,518,1181
983,32.83084512150889,-32.96191819464034,518,1189
984,32.86424374319913,-35.373765867418896,517,1195
985,32.89764236488937,-38.58956276445698,518,1203
986,32.93104098657962,-41.403385049365305,518,1210
987,32.964439608269856,-44.217207334273624,518,1217
988,32.9978382299601,-47.03102961918194,517,1224
989,33.03123685165035,-49.44287729196051,517,1230
990,33.06463547334059,-52.256699576868826,517,1237
991,33.09803409503083,-55.07052186177715,517,1244
992,33.13143271672107,-57.48236953455571,517,1250
993,33.16483133841132,-60.296191819464035,517,1257
994,33.19822996010156,-62.70803949224259,516,1263
995,33.2316285817918,-65.11988716502115,517,1269
996,33.26502720348205,-67.12976022566995,517,1274
997,33.29842582517229,-69.54160789844852,517,1280
998,33.331824446862534,-71.55148095909732,516,1285
999,33.36522306855277,-73.56135401974612,517,1290
1000,33.39862169024302,-75.16925246826516,517,1294
1001,33.43202031193326,-76.7771509167842,516,1298
1002,33.4654189336235,-78.38504936530325,516,1302
1003,33.49881755531375,-79.99294781382228,516,1306
1004,33.53221617700399,-81.60084626234132,517,1310
1005,33.565614798694234,-82.80677009873061,516,1313
1006,33.59901342038447,-83.61071932299012,516,1315
1007,33.63241204207472,-84.81664315937941,516,1318
1008,33.665810663764965,-85.62059238363892,516,1320
1009,33.699209285455204,-86.02256699576868,516,1321
1010,33.73260790714545,-86.82651622002821,515,1323
1011,33.76600652883569,-87.22849083215796,516,1324
1012,33.799405150525935,-87.63046544428772,515,1325
1013,33.832803772216174,-87.63046544428772,516,1325
1014,33.86620239390642,-88.03244005641749,516,1326
1015,33.899601015596666,-88.03244005641749,516,1326
1016,33.932999637286905,-88.03244005641749,516,1326
1017,33.96639825897715,-88.03244005641749,516,1326
1018,33.99979688066739,-88.03244005641749,516,1326
1019,34.033195502357636,-87.63046544428772,515,1325
1020,34.06659412404788,-87.22849083215796,516,1324
1021,34.09999274573812,-86.82651622002821,516,1323
1022,34.133391367428366,-86.02256699576868,516,1321
1023,34.166789989118605,-85.21861777150916,516,1319
1024,34.20018861080885,-84.81664315937941,515,1318
1025,34.23358723249909,-83.61071932299012,515,1315
1026,34.266985854189336,-82.80677009873061,515,1313
1027,34.30038447587958,-81.60084626234132,516,1310
1028,34.33378309756982,-80.39492242595205,516,1307
1029,34.36718171926007,-79.18899858956276,516,1304
1030,34.400580340950306,-77.98307475317348,516,1301
1031,34.43397896264055,-76.37517630465445,516,1297
1032,34.4673775843308,-74.7672778561354,516,1293
1033,34.50077620602104,-73.15937940761636,516,1289
1034,34.53417482771128,-71.55148095909732,516,1285
1035,34.56757344940152,-69.54160789844852,516,1280
1036,34.60097207109177,-67.93370944992948,516,1276
1037,34.63437069278201,-65.92383638928068,517,1271
1038,34.66776931447225,-63.51198871650212,517,1265
1039,34.7011679361625,-61.50211565585331,516,1260
1040,34.73456655785274,-59.09026798307475,517,1254
1041,34.76796517954298,-56.67842031029619,517,1248
1042,34.80136380123322,-54.266572637517626,517,1242
1043,34.83476242292347,-51.85472496473907,517,1236
1044,34.868161044613714,-49.040902679830744,517,1229
1045,34.90155966630395,-46.62905500705219,517,1223
1046,34.9349582879942,-43.81523272214386,517,1216
1047,34.96835690968444,-41.403385049365305,517,1210
1048,35.001755531374684,-38.58956276445698,517,1203
1049,35.03515415306492,-35.77574047954866,517,1196
1050,35.06855277475517,-32.96191819464034,517,1189
1051,35.101951396445415,-30.148095909732017,517,1182
1052,35.135350018135654,-27.736248236953454,518,1176
1053,35.1687486398259,-24.922425952045135,518,1169
1054,35.20214726151614,-22.108603667136812,518,1162
1055,35.235545883206385,-18.89280677009873,517,1154
1056,35.26894450489663,-16.48095909732017,517,1148
1057,35.30234312658687,-13.667136812411847,517,1141
1058,35.335741748277115,-10.853314527503526,517,1134
1059,35.369140369967354,-8.039492242595204,517,1127
1060,35.4025389916576,-5.225669957686883,517,1120
1061,35.43593761334784,-2.4118476727785616,518,1113
1062,35.469336235038085,0.8039492242595202,517,1105
1063,35.50273485672833,3.2157968970380812,517,1099
1064,35.53613347841857,6.029619181946403,518,1092
1065,35.569532100108816,9.245416078984485,518,1084
1066,35.602930721799055,11.657263751763047,518,1078
1067,35.6363293434893,14.471086036671368,518,1071
1068,35.66972796517954,17.28490832157969,518,1064
1069,35.703126586869786,20.09873060648801,518,1057
1070,35.73652520856003,22.91255289139633,518,1050
1071,35.76992383025027,25.726375176304654,518,1043
1072,35.80332245194052,28.540197461212976,518,1036
1073,35.836721073630756,30.952045133991536,519,1030
1074,35.870119695321,33.363892806770096,519,1024
1075,35.90351831701125,35.77574047954866,519,1018
1076,35.936916938701486,38.18758815232722,519,1012
1077,35.97031556039173,40.59943582510578,519,1006
1078,36.00371418208197,42.60930888575458,519,1001
1079,36.03711280377222,44.61918194640339,519,996
1080,36.070511425462456,46.62905500705219,519,991
1081,36.1039100471527,48.63892806770099,519,986
1082,36.13730866884295,50.246826516220025,519,982
1083,36.17070729053319,51.85472496473907,519,978
1084,36.20410591222343,53.46262341325811,519,974
1085,36.23750453391367,54.66854724964739,519,971
1086,36.27090315560392,55.87447108603667,519,968
1087,36.304301777294164,57.08039492242595,519,965
1088,36.3377003989844,57.88434414668547,519,963
1089,36.37109902067465,58.68829337094499,519,961
1090,36.40449764236489,59.49224259520451,519,959
1091,36.437896264055134,60.296191819464035,519,957
1092,36.47129488574537,60.69816643159379,519,956
1093,36.50469350743562,61.10014104372355,519,955
1094,36.538092129125864,61.50211565585331,519,954
1095,36.5714907508161,61.50211565585331,519,954
1096,36.60488937250635,61.90409026798307,519,953
1097,36.63828799419659,61.90409026798307,519,953
1098,36.671686615886834,61.90409026798307,519,953
1099,36.70508523757708,61.90409026798307,519,953
1100,36.73848385926732,61.50211565585331,519,954
1101,36.771882480957565,61.10014104372355,519,955
1102,36.805281102647804,60.69816643159379,519,956
1103,36.83867972433805,60.296191819464035,519,957
1104,36.87207834602829,59.49224259520451,519,959
1105,36.905476967718535,58.68829337094499,519,961
1106,36.93887558940878,57.88434414668547,519,963
1107,36.97227421109902,57.08039492242595,519,965
1108,37.005672832789266,55.87447108603667,519,968
1109,37.039071454479505,54.66854724964739,519,971
1110,37.07247007616975,53.86459802538787,519,973
1111,37.10586869786,52.256699576868826,519,977
1112,37.139267319550235,51.050775740479544,519,980
1113,37.17266594124048,49.44287729196051,519,984
1114,37.20606456293072,47.83497884344146,519,988
1115,37.239463184620966,46.227080394922424,519,992
1116,37.272861806311205,44.61918194640339,519,996
1117,37.30626042800145,42.60930888575458,519,1001
1118,37.3396590496917,40.59943582510578,519,1006
1119,37.373057671381936,38.58956276445698,519,1011
1120,37.40645629307218,36.57968970380818,519,1016
1121,37.43985491476242,34.56981664315938,519,1021
1122,37.47325353645267,32.157968970380814,519,1027
1123,37.506652158142906,29.746121297602254,518,1033
1124,37.54005077983315,27.334273624823695,518,1039
1125,37.5734494015234,24.922425952045135,518,1045
1126,37.60684802321364,22.108603667136812,518,1052
1127,37.64024664490388,19.69675599435825,518,1058
1128,37.67364526659412,16.88293370944993,518,1065
1129,37.70704388828437,14.471086036671368,518,1071
1130,37.74044250997461,11.657263751763047,518,1078
1131,37.77384113166485,8.843441466854724,518,1085
1132,37.8072397533551,6.029619181946403,518,1092
1133,37.84063837504534,3.617771509167842,518,1098
1134,37.87403699673558,0.8039492242595202,518,1105
1135,37.90743561842582,-2.0098730606488013,518,1112
1136,37.94083424011607,-4.823695345557122,518,1119
1137,37.974232861806314,-7.637517630465444,518,1126
1138,38.00763148349655,-10.451339915373765,518,1133
1139,38.0410301051868,-13.265162200282086,518,1140
1140,38.07442872687704,-16.078984485190407,518,1147
1141,38.107827348567284,-18.89280677009873,518,1154
1142,38.14122597025753,-21.706629055007053,518,1161
1143,38.17462459194777,-24.520451339915372,518,1168
1144,38.208023213638015,-27.334273624823695,518,1175
1145,38.241421835328254,-30.148095909732017,517,1182
1146,38.2748204570185,-33.363892806770096,517,1190
1147,38.30821907870874,-36.17771509167842,518,1197
1148,38.341617700398984,-38.99153737658674,518,1204
1149,38.37501632208923,-41.80535966149506,517,1211
1150,38.40841494377947,-44.61918194640339,517,1218
1151,38.441813565469715,-47.433004231311706,517,1225
1152,38.475212187159954,-49.84485190409027,517,1231
1153,38.5086108088502,-52.65867418899859,517,1238
1154,38.542009430540446,-55.47249647390691,517,1245
1155,38.575408052230685,-57.88434414668547,517,1251
1156,38.60880667392093,-60.69816643159379,517,1258
1157,38.64220529561117,-63.110014104372354,517,1264
1158,38.675603917301416,-65.52186177715092,517,1270
1159,38.709002538991655,-67.53173483779972,517,1275
1160,38.7424011606819,-69.94358251057828,516,1281
1161,38.77579978237215,-71.95345557122708,517,1286
1162,38.809198404062386,-73.56135401974612,516,1290
1163,38.84259702575263,-75.57122708039492,516,1295
1164,38.87599564744287,-77.17912552891396,517,1299
1165,38.90939426913312,-78.787023977433,516,1303
1166,38.94279289082336,-80.39492242595205,516,1307
1167,38.9761915125136,-81.60084626234132,516,1310
1168,39.00959013420385,-82.80677009873061,516,1313
1169,39.042988755894086,-84.01269393511988,516,1316
1170,39.07638737758433,-84.81664315937941,516,1318
1171,39.10978599927457,-85.62059238363892,516,1320
1172,39.14318462096482,-86.42454160789845,516,1322
1173,39.17658324265506,-86.82651622002821,516,1323
1174,39.2099818643453,-87.22849083215796,516,1324
1175,39.24338048603555,-87.63046544428772,516,1325
1176,39.27677910772579,-87.63046544428772,515,1325
1177,39.31017772941603,-88.03244005641749,516,1326
1178,39.34357635110627,-88.03244005641749,516,1326
1179,39.37697497279652,-88.03244005641749,516,1326
1180,39.410373594486764,-88.03244005641749,516,1326
1181,39.443772216177,-88.03244005641749,516,1326
1182,39.47717083786725,-87.63046544428772,516,1325
1183,39.51056945955749,-87.22849083215796,516,1324
1184,39.54396808124773,-86.82651622002821,516,1323
1185,39.57736670293798,-86.02256699576868,516,1321
1186,39.61076532462822,-85.21861777150916,516,1319
1187,39.644163946318464,-84.41466854724965,516,1317
1188,39.6775625680087,-83.61071932299012,516,1315
1189,39.71096118969895,-82.80677009873061,516,1313
1190,39.74435981138919,-81.60084626234132,516,1310
1191,39.777758433079434,-80.39492242595205,516,1307
1192,39.81115705476968,-79.18899858956276,516,1304
1193,39.84455567645992,-77.98307475317348,516,1301
1194,39.877954298150165,-76.37517630465445,516,1297
1195,39.911352919840404,-74.7672778561354,516,1293
1196,39.94475154153065,-73.15937940761636,516,1289
1197,39.978150163220896,-71.14950634696756,516,1284
1198,40.011548784911135,-69.54160789844852,516,1280
1199,40.04494740660138,-67.53173483779972,516,1275
1200,40.07834602829162,-65.52186177715092,516,1270
1201,40.111744649981866,-63.51198871650212,517,1265
1202,40.145143271672104,-61.10014104372355,516,1259
1203,40.17854189336235,-58.68829337094499,516,1253
1204,40.211940515052596,-56.27644569816643,516,1247
1205,40.245339136742835,-53.86459802538787,517,1241
1206,40.27873775843308,-51.45275035260931,517,1235
1207,40.31213638012332,-49.040902679830744,517,1229
1208,40.345535001813566,-46.227080394922424,518,1222
1209,40.37893362350381,-43.413258110014105,517,1215
1210,40.41233224519405,-41.00141043723554,518,1209
1211,40.4457308668843,-38.18758815232722,517,1202
1212,40.479129488574536,-35.373765867418896,517,1195
1213,40.51252811026478,-32.96191819464034,518,1189
1214,40.54592673195502,-29.746121297602254,517,1181
1215,40.57932535364527,-27.334273624823695,517,1175
1216,40.61272397533551,-24.520451339915372,517,1168
1217,40.64612259702575,-21.706629055007053,518,1161
1218,40.679521218716,-18.89280677009873,517,1154
1219,40.71291984040624,-16.078984485190407,517,1147
1220,40.74631846209648,-13.265162200282086,517,1140
1221,40.77971708378673,-10.451339915373765,518,1133
1222,40.81311570547697,-7.637517630465444,517,1126
1223,40.84651432716721,-4.421720733427362,517,1118
1224,40.87991294885745,-1.6078984485190413,517,1111
1225,40.9133115705477,1.2059238363892804,517,1104
1226,40.94671019223794,3.617771509167842,518,1098
1227,40.98010881392818,6.833568406205924,518,1090
1228,41.01350743561843,9.647390691114245,518,1083
1229,41.04690605730867,12.461212976022567,518,1076
1230,41.080304678998914,15.275035260930888,518,1069
1231,41.11370330068915,18.08885754583921,518,1062
1232,41.1471019223794,20.90267983074753,518,1055
1233,41.180500544069645,23.314527503526094,518,1049
1234,41.213899165759884,26.128349788434413,518,1042
1235,41.24729778745013,28.942172073342736,519,1035
1236,41.28069640914037,31.354019746121295,519,1029
1237,41.314095030830615,33.76586741889986,519,1023
1238,41.34749365252085,36.17771509167842,519,1017
1239,41.3808922742111,38.58956276445698,519,1011
1240,41.414290895901345,41.00141043723554,519,1005
1241,41.447689517591584,43.01128349788434,519,1000
1242,41.48108813928183,45.02115655853314,519,995
1243,41.51448676097207,47.03102961918194,519,990
1244,41.547885382662315,48.63892806770099,519,986
1245,41.581284004352554,50.64880112834979,519,981
1246,41.6146826260428,52.256699576868826,519,977
1247,41.648081247733046,53.46262341325811,519,974
1248,41.681479869423285,54.66854724964739,519,971
1249,41.71487849111353,56.27644569816643,519,967
1250,41.74827711280377,57.08039492242595,519,965
1251,41.781675734494016,58.28631875881523,519,962
1252,41.81507435618426,59.09026798307475,519,960
1253,41.8484729778745,59.49224259520451,519,959
1254,41.88187159956475,60.296191819464035,519,957
1255,41.915270221254985,61.10014104372355,519,955
1256,41.94866884294523,61.10014104372355,519,955
1257,41.98206746463547,61.50211565585331,519,954
1258,42.015466086325716,61.90409026798307,519,953
1259,42.04886470801596,61.90409026798307,519,953
1260,42.0822633297062,61.90409026798307,519,953
1261,42.11566195139645,61.90409026798307,519,953
1262,42.149060573086686,61.90409026798307,519,953
1263,42.18245919477693,61.50211565585331,519,954
1264,42.21585781646718,61.10014104372355,519,955
1265,42.24925643815742,60.69816643159379,519,956
1266,42.28265505984766,60.296191819464035,519,957
1267,42.3160536815379,59.49224259520451,519,959
1268,42.34945230322815,58.68829337094499,519,961
1269,42.38285092491839,57.88434414668547,519,963
1270,42.41624954660863,56.67842031029619,519,966
1271,42.44964816829888,55.87447108603667,519,968
1272,42.48304678998912,54.66854724964739,519,971
1273,42.51644541167936,53.46262341325811,519,974
1274,42.5498440333696,52.256699576868826,519,977
1275,42.58324265505985,50.64880112834979,519,981
1276,42.616641276750094,49.44287729196051,519,984
1277,42.65003989844033,47.83497884344146,519,988
1278,42.68343852013058,46.227080394922424,519,992
1279,42.71683714182082,44.217207334273624,519,997
1280,42.750235763511064,42.207334273624824,519,1002
1281,42.7836343852013,40.59943582510578,519,1006
1282,42.81703300689155,38.58956276445698,518,1011
1283,42.850431628581795,36.17771509167842,519,1017
1284,42.883830250272034,34.167842031029615,519,1022
1285,42.91722887196228,31.75599435825106,519,1028
1286,42.95062749365252,29.344146685472495,519,1034
1287,42.984026115342765,26.932299012693935,518,1040
1288,43.01742473703301,24.520451339915372,518,1046
1289,43.05082335872325,22.108603667136812,518,1052
1290,43.084221980413496,19.29478138222849,518,1059
1291,43.117620602103734,16.88293370944993,518,1065
1292,43.15101922379398,14.069111424541607,518,1072
1293,43.18441784548422,11.255289139633286,518,1079
1294,43.217816467174465,8.441466854724965,518,1086
1295,43.25121508886471,5.627644569816643,518,1093
1296,43.28461371055495,3.2157968970380812,518,1099
1297,43.318012332245196,0.40197461212975993,518,1106
1298,43.351410953935435,-2.4118476727785616,517,1113
1299,43.38480957562568,-5.225669957686883,518,1120
1300,43.41820819731592,-8.039492242595204,517,1127
1301,43.451606819006166,-10.853314527503526,518,1134
1302,43.48500544069641,-13.667136812411847,518,1141
1303,43.51840406238665,-16.48095909732017,518,1148
1304,43.5518026840769,-19.29478138222849,518,1155
1305,43.585201305767136,-22.108603667136812,518,1162
1306,43.61859992745738,-24.922425952045135,517,1169
1307,43.65199854914763,-27.736248236953454,517,1176
1308,43.68539717083787,-30.550070521861777,517,1183
1309,43.71879579252811,-33.363892806770096,517,1190
1310,43.75219441421835,-36.57968970380818,518,1198
1311,43.7855930359086,-39.3935119887165,517,1205
1312,43.818991657598836,-42.207334273624824,517,1212
1313,43.85239027928908,-45.02115655853314,517,1219
1314,43.88578890097933,-47.83497884344146,517,1226
1315,43.91918752266957,-50.246826516220025,516,1232
1316,43.95258614435981,-53.060648801128345,517,1239
1317,43.98598476605005,-55.87447108603667,517,1246
1318,44.0193833877403,-58.28631875881523,517,1252
1319,44.052782009430544,-60.69816643159379,517,1258
1320,44.08618063112078,-63.110014104372354,516,1264
1321,44.11957925281103,-65.52186177715092,516,1270
1322,44.15297787450127,-67.93370944992948,517,1276
1323,44.186376496191514,-69.94358251057828,517,1281
1324,44.21977511788175,-71.95345557122708,516,1286
1325,44.253173739572,-73.96332863187588,516,1291
1326,44.286572361262245,-75.97320169252468,517,1296
1327,44.31997098295248,-77.58110014104372,516,1300
1328,44.35336960464273,-79.18899858956276,516,1304
1329,44.38676822633297,-80.39492242595205,516,1307
1330,44.420166848023214,-82.00282087447108,516,1311
1331,44.45356546971346,-82.80677009873061,516,1313
1332,44.4869640914037,-84.01269393511988,515,1316
1333,44.520362713093945,-84.81664315937941,515,1318
1334,44.553761334784184,-85.62059238363892,516,1320
1335,44.58715995647443,-86.42454160789845,516,1322
1336,44.62055857816467,-86.82651622002821,515,1323
1337,44.653957199854915,-87.22849083215796,515,1324
1338,44.68735582154516,-87.63046544428772,515,1325
1339,44.7207544432354,-87.63046544428772,515,1325
1340,44.754153064925646,-88.03244005641749,515,1326
1341,44.787551686615885,-88.03244005641749,515,1326
1342,44.82095030830613,-88.03244005641749,516,1326
1343,44.85434892999638,-88.03244005641749,515,1326
1344,44.887747551686616,-88.03244005641749,516,1326
1345,44.92114617337686,-87.63046544428772,516,1325
1346,44.9545447950671,-87.22849083215796,516,1324
1347,44.987943416757346,-86.42454160789845,515,1322
1348,45.021342038447585,-86.02256699576868,516,1321
1349,45.05474066013783,-85.21861777150916,516,1319
1350,45.08813928182808,-84.41466854724965,516,1317
1351,45.121537903518316,-83.61071932299012,516,1315
1352,45.15493652520856,-82.40479548660085,516,1312
1353,45.1883351468988,-81.60084626234132,516,1310
1354,45.22173376858905,-80.39492242595205,516,1307
1355,45.255132390279286,-78.787023977433,516,1303
1356,45.28853101196953,-77.58110014104372,516,1300
1357,45.32192963365978,-75.97320169252468,516,1296
1358,45.35532825535002,-74.36530324400564,516,1292
1359,45.38872687704026,-72.7574047954866,516,1288
1360,45.4221254987305,-71.14950634696756,516,1284
1361,45.45552412042075,-69.13963328631876,516,1279
1362,45.488922742110994,-67.12976022566995,516,1274
1363,45.52232136380123,-65.11988716502115,516,1269
1364,45.55571998549148,-63.110014104372354,516,1264
1365,45.58911860718172,-60.69816643159379,517,1258
1366,45.62251722887196,-58.28631875881523,516,1252
1367,45.6559158505622,-55.87447108603667,517,1246
1368,45.68931447225245,-53.46262341325811,517,1240
1369,45.722713093942694,-51.050775740479544,517,1234
1370,45.75611171563293,-48.63892806770099,517,1228
1371,45.78951033732318,-45.82510578279266,517,1221
1372,45.82290895901342,-43.01128349788434,517,1214
1373,45.856307580703664,-40.59943582510578,518,1208
1374,45.88970620239391,-37.78561354019746,517,1201
1375,45.92310482408415,-34.97179125528914,517,1194
1376,45.956503445774395,-32.157968970380814,517,1187
1377,45.989902067464634,-29.746121297602254,518,1181
1378,46.02330068915488,-26.530324400564172,517,1173
1379,46.05669931084512,-23.716502115655853,517,1166
1380,46.090097932535365,-20.90267983074753,517,1159
1381,46.12349655422561,-18.08885754583921,517,1152
1382,46.15689517591585,-15.677009873060648,517,1146
1383,46.190293797606095,-12.461212976022567,517,1138
1384,46.223692419296334,-10.049365303244006,517,1132
1385,46.25709104098658,-6.833568406205924,517,1124
1386,46.290489662676826,-4.019746121297602,517,1117
1387,46.323888284367065,-1.205923836389281,517,1110
1388,46.35728690605731,1.6078984485190404,517,1103
1389,46.39068552774755,4.421720733427362,518,1096
1390,46.424084149437796,7.235543018335684,518,1089
1391,46.457482771128035,10.049365303244006,518,1082
1392,46.49088139281828,12.863187588152327,518,1075
1393,46.52428001450853,15.677009873060648,518,1068
1394,46.557678636198766,18.49083215796897,518,1061
1395,46.59107725788901,20.90267983074753,518,1055
1396,46.62447587957925,23.716502115655853,518,1048
1397,46.6578745012695,26.530324400564172,518,1041
1398,46.69127312295974,29.344146685472495,519,1034
1399,46.72467174464998,31.75599435825106,519,1028
1400,46.75807036634023,34.167842031029615,519,1022
1401,46.791468988030466,36.57968970380818,519,1016
1402,46.82486760972071,38.99153737658674,519,1010
1403,46.85826623141095,41.00141043723554,519,1005
1404,46.8916648531012,43.01128349788434,518,1000
1405,46.92506347479144,45.423131170662906,519,994
1406,46.95846209648168,47.03102961918194,519,990
1407,46.99186071817193,49.040902679830744,519,985
1408,47.02525933986217,50.64880112834979,519,981
1409,47.05865796155241,52.256699576868826,519,977
1410,47.09205658324266,53.86459802538787,519,973
1411,47.1254552049329,55.07052186177715,519,970
1412,47.158853826623144,56.27644569816643,519,967
1413,47.19225244831338,57.48236953455571,519,964
1414,47.22565107000363,58.28631875881523,519,962
1415,47.25904969169387,59.09026798307475,519,960
1416,47.292448313384114,59.89421720733427,519,958
1417,47.32584693507436,60.296191819464035,519,957
1418,47.3592455567646,61.10014104372355,519,955
1419,47.392644178454844,61.10014104372355,519,955
1420,47.42604280014508,61.50211565585331,519,954
1421,47.45944142183533,61.90409026798307,519,953
1422,47.49284004352557,61.90409026798307,519,953
1423,47.526238665215814,61.90409026798307,519,953
1424,47.55963728690606,61.90409026798307,519,953
1425,47.5930359085963,61.90409026798307,519,953
1426,47.626434530286545,61.50211565585331,519,954
1427,47.659833151976784,61.10014104372355,519,955
1428,47.69323177366703,60.69816643159379,519,956
1429,47.726630395357276,59.89421720733427,519,958
1430,47.760029017047515,59.49224259520451,519,959
1431,47.79342763873776,58.68829337094499,519,961
1432,47.826826260428,57.88434414668547,519,963
1433,47.860224882118246,56.67842031029619,519,966
1434,47.893623503808485,55.47249647390691,519,969
1435,47.92702212549873,54.66854724964739,519,971
1436,47.96042074718898,53.060648801128345,519,975
1437,47.993819368879215,51.85472496473907,519,978
1438,48.02721799056946,50.64880112834979,519,981
1439,48.0606166122597,49.040902679830744,519,985
1440,48.094015233949946,47.433004231311706,518,989
1441,48.12741385564019,45.82510578279266,519,993
1442,48.16081247733043,43.81523272214386,519,998
1443,48.19421109902068,42.207334273624824,519,1002
1444,48.227609720710916,40.19746121297602,519,1007
1445,48.26100834240116,38.18758815232722,519,1012
1446,48.2944069640914,35.77574047954866,519,1018
1447,48.32780558578165,33.76586741889986,519,1023
1448,48.36120420747189,31.354019746121295,519,1029
1449,48.39460282916213,29.344146685472495,518,1034
1450,48.42800145085238,26.530324400564172,518,1041
1451,48.46140007254262,24.118476727785612,518,1047
1452,48.49479869423286,21.706629055007053,518,1053
1453,48.52819731592311,18.89280677009873,518,1060
1454,48.56159593761335,16.48095909732017,518,1066
1455,48.59499455930359,13.667136812411847,518,1073
1456,48.62839318099383,10.853314527503526,518,1080
1457,48.66179180268408,8.039492242595204,518,1087
1458,48.69519042437432,5.627644569816643,518,1093
1459,48.72858904606456,2.813822284908321,518,1100
1460,48.76198766775481,-2.7075230714576535e-16,518,1107
1461,48.79538628944505,-2.813822284908322,518,1114
1462,48.828784911135294,-5.627644569816643,517,1121
1463,48.86218353282553,-8.441466854724965,517,1128
1464,48.89558215451578,-11.255289139633286,517,1135
1465,48.928980776206025,-14.069111424541607,518,1142
1466,48.962379397896264,-16.88293370944993,518,1149
1467,48.99577801958651,-19.69675599435825,518,1156
1468,49.02917664127675,-22.51057827926657,518,1163
1469,49.062575262966995,-25.324400564174894,518,1170
1470,49.095973884657234,-28.138222849083213,518,1177
1471,49.12937250634748,-30.952045133991536,517,1184
1472,49.162771128037726,-33.76586741889986,517,1191
1473,49.196169749727964,-36.57968970380818,518,1198
1474,49.22956837141821,-39.79548660084626,518,1206
1475,49.26296699310845,-42.60930888575458,518,1213
1476,49.296365614798695,-45.423131170662906,517,1220
1477,49.329764236488934,-48.236953455571225,517,1227
1478,49.36316285817918,-50.64880112834979,517,1233
1479,49.396561479869426,-53.46262341325811,517,1240
1480,49.429960101559665,-56.27644569816643,517,1247
1481,49.46335872324991,-58.68829337094499,517,1253
1482,49.49675734494015,-61.10014104372355,517,1259
1483,49.530155966630396,-63.91396332863187,517,1266
1484,49.56355458832064,-65.92383638928068,517,1271
1485,49.59695321001088,-68.33568406205923,517,1277
1486,49.63035183170113,-70.34555712270804,516,1282
1487,49.663750453391366,-72.35543018335684,517,1287
1488,49.69714907508161,-74.36530324400564,517,1292
1489,49.73054769677185,-75.97320169252468,516,1296
1490,49.7639463184621,-77.58110014104372,516,1300
1491,49.79734494015234,-79.18899858956276,516,1304
1492,49.83074356184258,-80.79689703808181,516,1308
1493,49.86414218353283,-82.00282087447108,516,1311
1494,49.897540805223066,-83.20874471086036,516,1314
1495,49.93093942691331,-84.01269393511988,516,1316
1496,49.96433804860356,-85.21861777150916,516,1319
1497,49.9977366702938,-86.02256699576868,516,1321
1498,50.03113529198404,-86.42454160789845,516,1322
1499,50.06453391367428,-86.82651622002821,516,1323
1500,50.09793253536453,-87.22849083215796,516,1324
1501,50.13133115705477,-87.63046544428772,516,1325
1502,50.16472977874501,-88.03244005641749,516,1326
1503,50.19812840043526,-88.03244005641749,516,1326
1504,50.2315270221255,-88.03244005641749,515,1326
1505,50.264925643815744,-88.03244005641749,516,1326
1506,50.29832426550598,-88.03244005641749,516,1326
1507,50.33172288719623,-88.03244005641749,516,1326
1508,50.365121508886475,-87.63046544428772,516,1325
1509,50.39852013057671,-86.82651622002821,515,1323
1510,50.43191875226696,-86.42454160789845,516,1322
1511,50.4653173739572,-86.02256699576868,515,1321
1512,50.498715995647444,-85.21861777150916,516,1319
1513,50.53211461733768,-84.41466854724965,515,1317
1514,50.56551323902793,-83.61071932299012,515,1315
1515,50.598911860718175,-82.40479548660085,516,1312
1516,50.632310482408414,-81.19887165021156,516,1309
1517,50.66570910409866,-79.99294781382228,516,1306
1518,50.6991077257889,-78.787023977433,516,1303
1519,50.732506347479145,-77.17912552891396,516,1299
1520,50.76590496916939,-75.97320169252468,516,1296
1521,50.79930359085963,-74.36530324400564,516,1292
1522,50.832702212549876,-72.7574047954866,516,1288
1523,50.866100834240115,-70.74753173483779,516,1283
1524,50.89949945593036,-68.73765867418899,516,1278
1525,50.9328980776206,-67.12976022566995,516,1274
1526,50.966296699310845,-65.11988716502115,517,1269
1527,50.99969532100109,-62.70803949224259,517,1263
1528,51.03309394269133,-60.69816643159379,516,1258
1529,51.066492564381576,-58.28631875881523,517,1252
1530,51.099891186071815,-55.87447108603667,516,1246
1531,51.13328980776206,-53.060648801128345,517,1239
1532,51.1666884294523,-50.64880112834979,517,1233
1533,51.200087051142546,-48.236953455571225,517,1227
1534,51.23348567283279,-45.423131170662906,517,1220
1535,51.26688429452303,-43.01128349788434,517,1214
1536,51.30028291621328,-40.19746121297602,517,1207
1537,51.333681537903516,-37.3836389280677,517,1200
1538,51.36708015959376,-34.56981664315938,517,1193
1539,51.40047878128401,-32.157968970380814,517,1187
1540,51.43387740297425,-29.344146685472495,517,1180
1541,51.46727602466449,-26.530324400564172,517,1173
1542,51.50067464635473,-23.716502115655853,517,1166
1543,51.53407326804498,-20.90267983074753,517,1159
1544,51.56747188973522,-18.08885754583921,517,1152
1545,51.60087051142546,-15.275035260930888,518,1145
1546,51.63426913311571,-12.059238363892806,518,1137
1547,51.66766775480595,-9.647390691114245,517,1131
1548,51.70106637649619,-6.833568406205924,517,1124
1549,51.73446499818643,-3.617771509167842,517,1116
1550,51.76786361987668,-0.8039492242595208,518,1109
1551,51.801262241566924,2.009873060648801,518,1102
1552,51.83466086325716,4.823695345557122,518,1095
1553,51.86805948494741,7.637517630465444,518,1088
1554,51.90145810663765,10.049365303244006,518,1082
1555,51.934856728327894,13.265162200282086,518,1074
1556,51.96825535001813,16.078984485190407,518,1067
1557,52.00165397170838,18.89280677009873,518,1060
1558,52.035052593398625,21.706629055007053,518,1053
1559,52.068451215088864,24.118476727785612,518,1047
1560,52.10184983677911,26.932299012693935,518,1040
1561,52.13524845846935,29.344146685472495,519,1034
1562,52.168647080159595,32.157968970380814,519,1027
1563,52.20204570184984,34.56981664315938,519,1021
1564,52.23544432354008,36.98166431593794,519,1015
1565,52.268842945230325,38.99153737658674,519,1010
1566,52.302241566920564,41.403385049365305,519,1004
1567,52.33564018861081,43.413258110014105,519,999
1568,52.36903881030105,45.423131170662906,519,994
1569,52.402437431991295,47.433004231311706,518,989
1570,52.43583605368154,49.040902679830744,519,985
1571,52.46923467537178,51.050775740479544,519,980
1572,52.502633297062026,52.65867418899859,519,976
1573,52.536031918752265,53.86459802538787,519,973
1574,52.56943054044251,55.07052186177715,519,970
1575,52.60282916213276,56.27644569816643,519,967
1576,52.636227783822996,57.48236953455571,519,964
1577,52.66962640551324,58.28631875881523,519,962
1578,52.70302502720348,59.49224259520451,519,959
1579,52.73642364889373,59.89421720733427,519,958
1580,52.769822270583965,60.296191819464035,519,957
1581,52.80322089227421,61.10014104372355,519,955
1582,52.83661951396446,61.10014104372355,519,955
1583,52.870018135654696,61.50211565585331,519,954
1584,52.90341675734494,61.90409026798307,519,953
1585,52.93681537903518,61.90409026798307,519,953
1586,52.97021400072543,61.90409026798307,519,953
1587,53.00361262241567,61.90409026798307,519,953
1588,53.03701124410591,61.90409026798307,519,953
1589,53.07040986579616,61.50211565585331,519,954
1590,53.1038084874864,61.10014104372355,519,955
1591,53.13720710917664,60.296191819464035,519,957
1592,53.17060573086688,59.89421720733427,519,958
1593,53.20400435255713,59.09026798307475,519,960
1594,53.237402974247374,58.28631875881523,519,962
1595,53.27080159593761,57.48236953455571,519,964
1596,53.30420021762786,56.67842031029619,519,966
1597,53.3375988393181,55.47249647390691,519,969
1598,53.37099746100834,54.266572637517626,519,972
1599,53.40439608269858,53.060648801128345,519,975
1600,53.43779470438883,51.85472496473907,519,978
1601,53.471193326079074,50.246826516220025,519,982
1602,53.50459194776931,49.040902679830744,519,985
1603,53.53799056945956,47.433004231311706,519,989
1604,53.5713891911498,45.423131170662906,519,994
1605,53.604787812840044,43.81523272214386,519,998
1606,53.63818643453029,41.80535966149506,519,1003
1607,53.67158505622053,39.79548660084626,519,1008
1608,53.704983677910775,37.78561354019746,519,1013
1609,53.738382299601014,35.77574047954866,519,1018
1610,53.77178092129126,33.363892806770096,519,1024
1611,53.8051795429815,30.952045133991536,518,1030
1612,53.838578164671745,28.942172073342736,519,1035
1613,53.87197678636199,26.128349788434413,519,1042
1614,53.90537540805223,23.716502115655853,518,1048
1615,53.938774029742476,21.30465444287729,518,1054
1616,53.972172651432714,18.49083215796897,518,1061
1617,54.00557127312296,16.078984485190407,518,1067
1618,54.03896989481321,13.265162200282086,518,1074
1619,54.072368516503445,10.451339915373765,518,1081
1620,54.10576713819369,7.637517630465444,518,1088
1621,54.13916575988393,5.225669957686883,518,1094
1622,54.172564381574176,2.4118476727785607,518,1101
1623,54.205963003264415,-0.4019746121297605,518,1108
1624,54.23936162495466,-3.2157968970380817,518,1115
1625,54.27276024664491,-6.029619181946403,518,1122
1626,54.306158868335146,-8.843441466854724,518,1129
1627,54.33955749002539,-11.657263751763047,518,1136
1628,54.37295611171563,-14.471086036671368,518,1143
1629,54.40635473340588,-17.28490832157969,518,1150
1630,54.43975335509612,-20.09873060648801,518,1157
1631,54.47315197678636,-22.91255289139633,518,1164
1632,54.50655059847661,-25.726375176304654,518,1171
1633,54.53994922016685,-28.540197461212976,518,1178
1634,54.57334784185709,-31.75599435825106,518,1186
1635,54.60674646354733,-34.56981664315938,518,1193
1636,54.64014508523758,-37.3836389280677,518,1200
1637,54.67354370692782,-40.19746121297602,518,1207
1638,54.70694232861806,-43.01128349788434,518,1214
1639,54.74034095030831,-45.82510578279266,517,1221
1640,54.77373957199855,-48.63892806770099,517,1228
1641,54.80713819368879,-51.050775740479544,517,1234
1642,54.84053681537904,-53.86459802538787,517,1241
1643,54.87393543706928,-56.67842031029619,516,1248
1644,54.907334058759524,-59.09026798307475,517,1254
1645,54.94073268044976,-61.50211565585331,517,1260
1646,54.97413130214001,-63.91396332863187,517,1266
1647,55.00752992383025,-66.32581100141043,516,1272
1648,55.040928545520494,-68.73765867418899,516,1278
1649,55.07432716721074,-70.74753173483779,517,1283
1650,55.10772578890098,-72.7574047954866,517,1288
1651,55.141124410591225,-74.7672778561354,517,1293
1652,55.17452303228146,-76.37517630465445,516,1297
1653,55.20792165397171,-77.98307475317348,516,1301
1654,55.24132027566195,-79.59097320169252,516,1305
1655,55.274718897352194,-80.79689703808181,516,1308
1656,55.30811751904244,-82.40479548660085,516,1312
1657,55.34151614073268,-83.20874471086036,516,1314
1658,55.374914762422925,-84.41466854724965,515,1317
1659,55.408313384113164,-85.21861777150916,515,1319
1660,55.44171200580341,-86.02256699576868,515,1321
1661,55.475110627493656,-86.42454160789845,515,1322
1662,55.508509249183895,-86.82651622002821,515,1323
1663,55.54190787087414,-87.22849083215796,516,1324
1664,55.57530649256438,-87.63046544428772,515,1325
1665,55.608705114254626,-88.03244005641749,516,1326
1666,55.642103735944865,-88.03244005641749,516,1326
1667,55.67550235763511,-88.03244005641749,515,1326
1668,55.70890097932536,-88.03244005641749,515,1326
1669,55.742299601015596,-88.03244005641749,516,1326
1670,55.77569822270584,-88.03244005641749,516,1326
1671,55.80909684439608,-87.63046544428772,515,1325
1672,55.842495466086326,-86.82651622002821,515,1323
1673,55.87589408777657,-86.42454160789845,516,1322
1674,55.90929270946681,-85.62059238363892,516,1320
1675,55.94269133115706,-84.81664315937941,516,1318
1676,55.976089952847296,-84.01269393511988,516,1316
1677,56.00948857453754,-83.20874471086036,516,1314
1678,56.04288719622778,-82.00282087447108,516,1311
1679,56.07628581791803,-81.19887165021156,516,1309
1680,56.10968443960827,-79.59097320169252,516,1305
1681,56.14308306129851,-78.38504936530325,516,1302
1682,56.17648168298876,-77.17912552891396,516,1299
1683,56.209880304679,-75.57122708039492,516,1295
1684,56.24327892636924,-73.96332863187588,516,1291
1685,56.27667754805949,-72.35543018335684,516,1287
1686,56.31007616974973,-70.34555712270804,516,1282
1687,56.343474791439974,-68.73765867418899,516,1278
1688,56.37687341313021,-66.72778561354019,516,1273
1689,56.41027203482046,-64.31593794076163,516,1267
1690,56.4436706565107,-62.306064880112835,516,1262
1691,56.47706927820094,-59.89421720733427,517,1256
1692,56.51046789989119,-57.48236953455571,517,1250
1693,56.54386652158143,-55.47249647390691,517,1245
1694,56.577265143271674,-52.65867418899859,517,1238
1695,56.61066376496191,-50.246826516220025,517,1232
1696,56.64406238665216,-47.83497884344146,517,1226
1697,56.677461008342405,-45.02115655853314,517,1219
1698,56.710859630032644,-42.207334273624824,517,1212
1699,56.74425825172289,-39.79548660084626,517,1206
1700,56.77765687341313,-36.98166431593794,517,1199
1701,56.811055495103375,-34.167842031029615,518,1192
1702,56.844454116793614,-31.354019746121295,517,1185
1703,56.87785273848386,-28.942172073342736,517,1179
1704,56.911251360174106,-25.726375176304654,517,1171
1705,56.944649981864345,-23.314527503526094,517,1165
1706,56.97804860355459,-20.09873060648801,518,1157
1707,57.01144722524483,-17.28490832157969,517,1150
1708,57.044845846935075,-14.873060648801127,518,1144
1709,57.078244468625314,-11.657263751763047,517,1136
1710,57.11164309031556,-8.843441466854724,517,1129
1711,57.145041712005806,-6.029619181946403,518,1122
1712,57.178440333696045,-3.2157968970380817,517,1115
1713,57.21183895538629,-0.4019746121297605,517,1108
1714,57.24523757707653,2.4118476727785607,517,1101
1715,57.278636198766776,5.225669957686883,518,1094
1716,57.31203482045702,8.039492242595204,518,1087
1717,57.34543344214726,10.853314527503526,518,1080
1718,57.37883206383751,13.667136812411847,518,1073
1719,57.412230685527746,16.48095909732017,518,1066
1720,57.44562930721799,19.29478138222849,518,1059
1721,57.47902792890823,22.108603667136812,518,1052
1722,57.51242655059848,24.520451339915372,518,1046
1723,57.54582517228872,27.334273624823695,519,1039
1724,57.57922379397896,29.746121297602254,519,1033
1725,57.61262241566921,32.55994358251058,519,1026
1726,57.646021037359446,34.97179125528914,519,1020
1727,57.67941965904969,37.3836389280677,519,1014
1728,57.71281828073994,39.79548660084626,519,1008
1729,57.74621690243018,41.80535966149506,519,1003
1730,57.77961552412042,43.81523272214386,519,998
1731,57.81301414581066,45.82510578279266,519,993
1732,57.84641276750091,47.83497884344146,519,988
1733,57.87981138919115,49.44287729196051,519,984
1734,57.91321001088139,51.050775740479544,519,980
1735,57.94660863257164,52.65867418899859,519,976
1736,57.98000725426188,54.266572637517626,519,972
1737,58.013405875952124,55.47249647390691,519,969
1738,58.04680449764236,56.67842031029619,519,966
1739,58.08020311933261,57.48236953455571,519,964
1740,58.113601741022855,58.68829337094499,518,961
1741,58.147000362713094,59.49224259520451,519,959
1742,58.18039898440334,59.89421720733427,519,958
1743,58.21379760609358,60.296191819464035,519,957
1744,58.247196227783824,61.10014104372355,519,955
1745,58.28059484947406,61.10014104372355,519,955
1746,58.31399347116431,61.50211565585331,519,954
1747,58.347392092854555,61.90409026798307,519,953
1748,58.380790714544794,61.90409026798307,519,953
1749,58.41418933623504,61.90409026798307,519,953
1750,58.44758795792528,61.90409026798307,519,953
1751,58.480986579615525,61.50211565585331,519,954
1752,58.51438520130577,61.50211565585331,519,954
1753,58.54778382299601,61.10014104372355,519,955
1754,58.581182444686256,60.296191819464035,519,957
1755,58.614581066376495,59.49224259520451,519,959
1756,58.64797968806674,59.09026798307475,519,960
1757,58.68137830975698,58.28631875881523,519,962
1758,58.714776931447226,57.48236953455571,519,964
1759,58.74817555313747,56.27644569816643,519,967
1760,58.78157417482771,55.47249647390691,519,969
1761,58.81497279651796,54.266572637517626,519,972
1762,58.848371418208195,53.060648801128345,519,975
1763,58.88177003989844,51.45275035260931,519,979
1764,58.91516866158869,50.246826516220025,519,982
1765,58.948567283278926,48.63892806770099,519,986
1766,58.98196590496917,47.03102961918194,519,990
1767,59.01536452665941,45.423131170662906,519,994
1768,59.04876314834966,43.413258110014105,519,999
1769,59.082161770039896,41.403385049365305,519,1004
1770,59.11556039173014,39.79548660084626,519,1008
1771,59.14895901342039,37.3836389280677,519,1014
1772,59.18235763511063,35.373765867418896,519,1019
1773,59.21575625680087,32.96191819464034,519,1025
1774,59.24915487849111,30.952045133991536,518,1030
1775,59.28255350018136,28.540197461212976,519,1036
1776,59.3159521218716,25.726375176304654,518,1043
1777,59.34935074356184,23.314527503526094,518,1049
1778,59.38274936525209,20.90267983074753,518,1055
1779,59.41614798694233,18.08885754583921,518,1062
1780,59.44954660863257,15.677009873060648,518,1068
1781,59.48294523032281,12.863187588152327,518,1075
1782,59.51634385201306,10.049365303244006,518,1082
1783,59.549742473703304,7.235543018335684,518,1089
1784,59.58314109539354,4.823695345557122,518,1095
1785,59.61653971708379,2.009873060648801,518,1102
1786,59.64993833877403,-0.8039492242595208,518,1109
1787,59.683336960464274,-3.617771509167842,518,1116
1788,59.71673558215451,-6.431593794076163,518,1123
1789,59.75013420384476,-9.245416078984485,518,1130
1790,59.783532825535005,-12.059238363892806,518,1137
1791,59.816931447225244,-14.873060648801127,517,1144
1792,59.85033006891549,-17.686882933709448,518,1151
1793,59.88372869060573,-20.50070521861777,518,1158
1794,59.917127312295975,-23.314527503526094,518,1165
1795,59.95052593398622,-26.128349788434413,517,1172
1796,59.98392455567646,-28.942172073342736,517,1179
1797,60.017323177366706,-32.157968970380814,518,1187
1798,60.050721799056944,-34.97179125528914,518,1194
1799,60.08412042074719,-37.78561354019746,518,1201
1800,60.11751904243743,-40.59943582510578,518,1208
1801,60.150917664127675,-43.413258110014105,518,1215
1802,60.18431628581792,-46.227080394922424,518,1222
1803,60.21771490750816,-49.040902679830744,517,1229
1804,60.251113529198406,-51.45275035260931,517,1235
1805,60.284512150888645,-54.266572637517626,517,1242
1806,60.31791077257889,-56.67842031029619,516,1248
1807,60.35130939426914,-59.49224259520451,517,1255
1808,60.384708015959376,-61.90409026798307,517,1261
1809,60.41810663764962,-64.31593794076163,517,1267
1810,60.45150525933986,-66.72778561354019,517,1273
1811,60.48490388103011,-68.73765867418899,516,1278
1812,60.518302502720346,-70.74753173483779,516,1283
1813,60.55170112441059,-72.7574047954866,516,1288
1814,60.58509974610084,-74.7672778561354,516,1293
1815,60.61849836779108,-76.37517630465445,516,1297
1816,60.65189698948132,-78.38504936530325,516,1302
1817,60.68529561117156,-79.59097320169252,516,1305
1818,60.71869423286181,-81.19887165021156,516,1309
1819,60.75209285455205,-82.40479548660085,516,1312
1820,60.78549147624229,-83.61071932299012,516,1315
1821,60.81889009793254,-84.41466854724965,515,1317
1822,60.85228871962278,-85.21861777150916,516,1319
1823,60.88568734131302,-86.02256699576868,516,1321
1824,60.91908596300326,-86.82651622002821,516,1323
1825,60.95248458469351,-87.63046544428772,516,1325
1826,60.985883206383754,-88.03244005641749,516,1326
1827,61.01928182807399,-88.83638928067701,517,1328
1828,61.05268044976424,-89.23836389280677,520,1329
1829,61.08607907145448,-89.64033850493652,520,1330
1830,61.119477693144724,-89.23836389280677,520,1329
1831,61.15287631483496,-88.83638928067701,519,1328
1832,61.18627493652521,-88.43441466854725,517,1327
1833,61.219673558215455,-88.43441466854725,516,1327
1834,61.25307217990569,-88.03244005641749,516,1326
1835,61.28647080159594,-87.63046544428772,516,1325
1836,61.31986942328618,-86.82651622002821,516,1323
1837,61.353268044976424,-86.02256699576868,516,1321
